{
  "custom": {},
  "params": {
    "path": "[default]",
    "tag": "LT_471"
  },
  "propConfig": {
    "params.path": {
      "paramDirection": "input",
      "persistent": true
    },
    "params.tag": {
      "paramDirection": "input",
      "persistent": true
    }
  },
  "props": {
    "defaultSize": {
      "height": 200,
      "width": 300
    }
  },
  "root": {
    "children": [
      {
        "meta": {
          "name": "Label"
        },
        "position": {
          "height": 0.2,
          "width": 0.8,
          "x": 0.1,
          "y": 0.1
        },
        "props": {
          "text": "P_AIn",
          "textStyle": {
            "classes": "text-center"
          }
        },
        "type": "ia.display.label"
      },
      {
        "meta": {
          "name": "Label_0"
        },
        "position": {
          "height": 0.2,
          "width": 0.8,
          "x": 0.1,
          "y": 0.3
        },
        "propConfig": {
          "props.text": {
            "binding": {
              "config": {
                "path": "view.params.path"
              },
              "type": "property"
            }
          }
        },
        "props": {
          "textStyle": {
            "classes": "text-center"
          }
        },
        "type": "ia.display.label"
      },
      {
        "meta": {
          "name": "Label_1"
        },
        "position": {
          "height": 0.2,
          "width": 0.8,
          "x": 0.1,
          "y": 0.5
        },
        "propConfig": {
          "props.text": {
            "binding": {
              "config": {
                "path": "view.params.tag"
              },
              "type": "property"
            }
          }
        },
        "props": {
          "textStyle": {
            "classes": "text-center"
          }
        },
        "type": "ia.display.label"
      },
      {
        "children": [
          {
            "children": [
              {
                "meta": {
                  "name": "MovingAnalogIndicator"
                },
                "position": {
                  "height": 0.9,
                  "width": 0.2,
                  "x": 0.7,
                  "y": 0.05
                },
                "propConfig": {
                  "props.highAlarm": {
                    "binding": {
                      "config": {
                        "expression": "tag({view.params.path}+{view.params.tag}+\"/Cfg_HiLim\")"
                      },
                      "type": "expr"
                    }
                  },
                  "props.highHighAlarm": {
                    "binding": {
                      "config": {
                        "expression": "tag({view.params.path}+{view.params.tag}+\"/Cfg_HiHiLim\")"
                      },
                      "type": "expr"
                    }
                  },
                  "props.lowAlarm": {
                    "binding": {
                      "config": {
                        "expression": "tag({view.params.path}+{view.params.tag}+\"/Cfg_LoLim\")"
                      },
                      "type": "expr"
                    }
                  },
                  "props.lowLowAlarm": {
                    "binding": {
                      "config": {
                        "expression": "tag({view.params.path}+{view.params.tag}+\"/Cfg_LoLoLim\")"
                      },
                      "type": "expr"
                    }
                  },
                  "props.maxValue": {
                    "binding": {
                      "config": {
                        "expression": "tag({view.params.path}+{view.params.tag}+\"/Val_PVEUMax\")"
                      },
                      "type": "expr"
                    }
                  },
                  "props.minValue": {
                    "binding": {
                      "config": {
                        "expression": "tag({view.params.path}+{view.params.tag}+\"/Val_PVEUMin\")"
                      },
                      "type": "expr"
                    }
                  },
                  "props.processValue": {
                    "binding": {
                      "config": {
                        "expression": "tag({view.params.path}+{view.params.tag}+\"/Val\")"
                      },
                      "type": "expr"
                    }
                  }
                },
                "props": {
                  "desiredHigh": null,
                  "desiredLow": null,
                  "desiredRangeColor": "#808080",
                  "highInterlock": null,
                  "label": {
                    "format": "#,##0.0"
                  },
                  "lowInterlock": null
                },
                "type": "ia.display.moving-analog-indicator"
              },
              {
                "meta": {
                  "name": "Label"
                },
                "position": {
                  "height": 0.1788,
                  "width": 0.3356,
                  "x": 0.0147,
                  "y": 0.4884
                },
                "propConfig": {
                  "props.text": {
                    "binding": {
                      "config": {
                        "expression": "tag({view.params.path}+{view.params.tag}+\"/Val\") + \" \"+tag({view.params.path}+{view.params.tag}+\"/Cfg_EU\")\r\n"
                      },
                      "type": "expr"
                    }
                  }
                },
                "type": "ia.display.label"
              },
              {
                "meta": {
                  "name": "Label_0"
                },
                "position": {
                  "height": 0.1788,
                  "width": 0.3356,
                  "x": 0.0147,
                  "y": 0.0748
                },
                "propConfig": {
                  "props.text": {
                    "binding": {
                      "config": {
                        "expression": "tag({view.params.path}+{view.params.tag}+\"/Cfg_Tag\")\r\n"
                      },
                      "type": "expr"
                    }
                  }
                },
                "type": "ia.display.label"
              },
              {
                "meta": {
                  "name": "Label_1"
                },
                "position": {
                  "height": 0.1788,
                  "width": 0.6577,
                  "x": 0.0147,
                  "y": 0.2816
                },
                "propConfig": {
                  "props.text": {
                    "binding": {
                      "config": {
                        "expression": "tag({view.params.path}+{view.params.tag}+\"/Cfg_Desc\")\r\n"
                      },
                      "type": "expr"
                    }
                  }
                },
                "type": "ia.display.label"
              }
            ],
            "meta": {
              "name": "CoordinateContainer"
            },
            "props": {
              "mode": "percent",
              "style": {
                "classes": "PAX/PaxPopupWindow"
              }
            },
            "type": "ia.container.coord"
          }
        ],
        "meta": {
          "name": "TabContainer"
        },
        "position": {
          "height": 1,
          "width": 1
        },
        "props": {
          "tabSize": {
            "height": 20,
            "width": 70
          },
          "tabs": [
            "Home",
            "Maint",
            "Diag",
            "Alarm"
          ]
        },
        "type": "ia.container.tab"
      }
    ],
    "meta": {
      "name": "root"
    },
    "props": {
      "mode": "percent",
      "style": {
        "classes": "PAX/PaxPopupWindow"
      }
    },
    "type": "ia.container.coord"
  }
}