{
  "custom": {},
  "params": {},
  "props": {
    "defaultSize": {
      "height": 40,
      "width": 140
    }
  },
  "root": {
    "children": [
      {
        "meta": {
          "name": "ButtonProgram"
        },
        "position": {
          "height": 40,
          "width": 40
        },
        "props": {
          "image": {
            "icon": {
              "path": "material/computer"
            }
          },
          "text": ""
        },
        "type": "ia.input.button"
      },
      {
        "meta": {
          "name": "ButtonOper"
        },
        "position": {
          "height": 40,
          "width": 40,
          "x": 50
        },
        "props": {
          "image": {
            "icon": {
              "path": "material/person"
            }
          },
          "text": ""
        },
        "type": "ia.input.button"
      },
      {
        "meta": {
          "name": "ButtonLock"
        },
        "position": {
          "height": 40,
          "width": 40,
          "x": 100
        },
        "props": {
          "image": {
            "icon": {
              "path": "material/lock"
            }
          },
          "text": ""
        },
        "type": "ia.input.button"
      }
    ],
    "meta": {
      "name": "root"
    },
    "type": "ia.container.coord"
  }
}