{
  "custom": {},
  "params": {},
  "props": {
    "defaultSize": {
      "height": 35,
      "width": 35
    }
  },
  "root": {
    "children": [
      {
        "meta": {
          "name": "CoordinateContainer"
        },
        "position": {
          "height": 35,
          "width": 35
        },
        "type": "ia.container.coord"
      },
      {
        "meta": {
          "name": "Image"
        },
        "position": {
          "height": 35,
          "width": 35
        },
        "props": {
          "fit": {
            "mode": "fill"
          },
          "source": "/system/images/PAX/Nav_Comm.svg"
        },
        "type": "ia.display.image"
      }
    ],
    "meta": {
      "name": "root"
    },
    "type": "ia.container.coord"
  }
}