{
  "custom": {},
  "params": {
    "path": null,
    "tag": null
  },
  "propConfig": {
    "params.path": {
      "paramDirection": "input",
      "persistent": true
    },
    "params.tag": {
      "paramDirection": "input",
      "persistent": true
    }
  },
  "props": {
    "defaultSize": {
      "height": 170,
      "width": 245
    }
  },
  "root": {
    "children": [
      {
        "meta": {
          "name": "Label"
        },
        "position": {
          "height": 32,
          "width": 182,
          "x": 29,
          "y": 72
        },
        "props": {
          "text": "P_PF52x",
          "textStyle": {
            "classes": "text-center"
          }
        },
        "type": "ia.display.label"
      }
    ],
    "meta": {
      "name": "root"
    },
    "props": {
      "style": {
        "classes": "PAX/PaxPopupWindow"
      }
    },
    "type": "ia.container.coord"
  }
}