{
  "custom": {
    "SrcQ_IO": 1
  },
  "params": {
    "Path": "[default]",
    "Tag": "AGT_001"
  },
  "propConfig": {
    "custom.SrcQ_IO": {
      "binding": {
        "config": {
          "expression": "tag({view.params.Path}+{view.params.Tag}+\"/SrcQ_IO\")"
        },
        "type": "expr"
      },
      "persistent": true
    },
    "params.Path": {
      "paramDirection": "input",
      "persistent": true
    },
    "params.Tag": {
      "paramDirection": "input",
      "persistent": true
    }
  },
  "props": {
    "defaultSize": {
      "height": 20,
      "width": 350
    }
  },
  "root": {
    "children": [
      {
        "meta": {
          "name": "msi_CommStatusSymbols"
        },
        "position": {
          "height": 20,
          "width": 20
        },
        "propConfig": {
          "props.source": {
            "binding": {
              "config": {
                "path": "view.custom.SrcQ_IO"
              },
              "transforms": [
                {
                  "fallback": "/system/images/PAX/Error.svg",
                  "inputType": "range",
                  "mappings": [
                    {
                      "input": {
                        "max": 2,
                        "min": 0
                      },
                      "output": "/system/images/PAX/Blank.svg"
                    },
                    {
                      "input": {
                        "max": 10,
                        "min": 3
                      },
                      "output": "/system/images/PAX/Sts_Simulated.svg"
                    },
                    {
                      "input": {
                        "max": 20,
                        "min": 16
                      },
                      "output": "/system/images/PAX/Sts_CommUncertain.svg"
                    },
                    {
                      "input": {
                        "max": 34,
                        "min": 32
                      },
                      "output": "/system/images/PAX/Sts_CommBad.svg"
                    },
                    {
                      "input": {
                        "max": 35,
                        "min": 35
                      },
                      "output": "/system/images/PAX/Sts_BC_BadCfg.svg"
                    }
                  ],
                  "outputType": "scalar",
                  "type": "map"
                }
              ],
              "type": "property"
            }
          }
        },
        "props": {
          "fit": {
            "mode": "fill"
          }
        },
        "type": "ia.display.image"
      },
      {
        "meta": {
          "name": "msi_CommStatusLabel"
        },
        "position": {
          "height": 18,
          "width": 320,
          "x": 24
        },
        "propConfig": {
          "props.text": {
            "binding": {
              "config": {
                "path": "view.custom.SrcQ_IO"
              },
              "transforms": [
                {
                  "fallback": "Value Error \u0027SrcQ_IO\u0027",
                  "inputType": "scalar",
                  "mappings": [
                    {
                      "input": 0,
                      "output": "Invalid Config"
                    },
                    {
                      "input": 1,
                      "output": "Comm"
                    },
                    {
                      "input": 2,
                      "output": "Comm"
                    },
                    {
                      "input": 8,
                      "output": "Simulated"
                    },
                    {
                      "input": 9,
                      "output": "Loopback Test"
                    },
                    {
                      "input": 10,
                      "output": "Simulated"
                    },
                    {
                      "input": 16,
                      "output": "Live - Off Spec"
                    },
                    {
                      "input": 17,
                      "output": "Simulated at Device"
                    },
                    {
                      "input": 18,
                      "output": "Maint Substitution"
                    },
                    {
                      "input": 19,
                      "output": "Shed - Last Good"
                    },
                    {
                      "input": 20,
                      "output": " Shed - Replaced"
                    },
                    {
                      "input": 32,
                      "output": "Signal Failure"
                    },
                    {
                      "input": 33,
                      "output": "Channel Fault"
                    },
                    {
                      "input": 34,
                      "output": "Module/Comm Fault"
                    },
                    {
                      "input": 35,
                      "output": "Invalid Config"
                    }
                  ],
                  "outputType": "scalar",
                  "type": "map"
                }
              ],
              "type": "property"
            }
          }
        },
        "type": "ia.display.label"
      }
    ],
    "meta": {
      "name": "root"
    },
    "propConfig": {
      "meta.visible": {
        "binding": {
          "config": {
            "expression": "{view.custom.SrcQ_IO} \u003e\u003d 8"
          },
          "type": "expr"
        }
      }
    },
    "props": {
      "style": {
        "classes": "PAX/Buttons/btn-background"
      }
    },
    "type": "ia.container.coord"
  }
}