{
  "custom": {},
  "params": {
    "Path": "[default]",
    "Tag": "AGT_001/CmdSrc"
  },
  "propConfig": {
    "params.Path": {
      "paramDirection": "input",
      "persistent": true
    },
    "params.Tag": {
      "paramDirection": "input",
      "persistent": true
    }
  },
  "props": {
    "defaultSize": {
      "height": 40,
      "width": 140
    }
  },
  "root": {
    "children": [
      {
        "events": {
          "dom": {
            "onClick": {
              "config": {
                "script": "\tsystem.tag.writeBlocking([self.view.params.Path+self.view.params.Tag+\"/OCmd_Lock\"], [1])"
              },
              "scope": "G",
              "type": "script"
            }
          }
        },
        "meta": {
          "name": "ButtonLock"
        },
        "position": {
          "height": 40,
          "width": 40,
          "x": 100
        },
        "propConfig": {
          "props.enabled": {
            "binding": {
              "config": {
                "expression": "//CurrentUserHasCode( {Security\\CmdSrcOperProg} ) and CurrentUserHasGroup( {#4} + \"_Basic\" ) and (#1 \u003e 0) and {#2.ORdy_Lock}\r\ntag({view.params.Path}+{view.params.Tag}+\"/ORdy_Lock\")"
              },
              "type": "expr"
            }
          },
          "props.image.source": {
            "binding": {
              "config": {
                "path": "this.props.enabled"
              },
              "transforms": [
                {
                  "fallback": "/system/images/PAX/Error.svg",
                  "inputType": "scalar",
                  "mappings": [
                    {
                      "input": false,
                      "output": "/system/images/PAX/Cmd_CmdSrcOperLock_Disa.svg"
                    },
                    {
                      "input": true,
                      "output": "/system/images/PAX/Cmd_CmdSrcOperLock.svg"
                    }
                  ],
                  "outputType": "scalar",
                  "type": "map"
                }
              ],
              "type": "property"
            }
          }
        },
        "props": {
          "image": {},
          "style": {
            "classes": "PAX/Buttons/btn-background"
          },
          "text": ""
        },
        "type": "ia.input.button"
      },
      {
        "events": {
          "dom": {
            "onClick": {
              "config": {
                "script": "\tsystem.tag.writeBlocking([self.view.params.Path+self.view.params.Tag+\"/OCmd_Prog\"], [1])"
              },
              "scope": "G",
              "type": "script"
            }
          }
        },
        "meta": {
          "name": "ButtonProgram"
        },
        "position": {
          "height": 40,
          "width": 40
        },
        "propConfig": {
          "props.enabled": {
            "binding": {
              "config": {
                "expression": "//CurrentUserHasCode( {Security\\CmdSrcOperProg} ) and CurrentUserHasGroup( {#4} + \"_Basic\" ) and (#1 \u003e 0) and {#2.ORdy_Prog}\r\ntag({view.params.Path}+{view.params.Tag}+\"/ORdy_Prog\")"
              },
              "type": "expr"
            }
          },
          "props.image.source": {
            "binding": {
              "config": {
                "path": "this.props.enabled"
              },
              "transforms": [
                {
                  "fallback": "/system/images/PAX/Error.svg",
                  "inputType": "scalar",
                  "mappings": [
                    {
                      "input": false,
                      "output": "/system/images/PAX/Cmd_CmdSrcProg_Disa.svg"
                    },
                    {
                      "input": true,
                      "output": "/system/images/PAX/Cmd_CmdSrcProg.svg"
                    }
                  ],
                  "outputType": "scalar",
                  "type": "map"
                }
              ],
              "type": "property"
            }
          }
        },
        "props": {
          "image": {},
          "style": {
            "classes": "PAX/Buttons/btn-background"
          },
          "text": ""
        },
        "type": "ia.input.button"
      },
      {
        "events": {
          "dom": {
            "onClick": {
              "config": {
                "script": "\tsystem.tag.writeBlocking([self.view.params.Path+self.view.params.Tag+\"/OCmd_Oper\"], [1])"
              },
              "scope": "G",
              "type": "script"
            }
          }
        },
        "meta": {
          "name": "ButtonOper"
        },
        "position": {
          "height": 40,
          "width": 40,
          "x": 50
        },
        "propConfig": {
          "props.enabled": {
            "binding": {
              "config": {
                "expression": "//CurrentUserHasCode( {Security\\CmdSrcOperProg} ) and CurrentUserHasGroup( {#4} + \"_Basic\" ) and (#1 \u003e 0) and {#2.ORdy_Oper}\r\ntag({view.params.Path}+{view.params.Tag}+\"/ORdy_Oper\")"
              },
              "type": "expr"
            }
          },
          "props.image.source": {
            "binding": {
              "config": {
                "path": "this.props.enabled"
              },
              "transforms": [
                {
                  "fallback": "/system/images/PAX/Error.svg",
                  "inputType": "scalar",
                  "mappings": [
                    {
                      "input": false,
                      "output": "/system/images/PAX/Cmd_CmdSrcOper_Disa.svg"
                    },
                    {
                      "input": true,
                      "output": "/system/images/PAX/Cmd_CmdSrcOper.svg"
                    }
                  ],
                  "outputType": "scalar",
                  "type": "map"
                }
              ],
              "type": "property"
            }
          }
        },
        "props": {
          "image": {},
          "style": {
            "classes": "PAX/Buttons/btn-background"
          },
          "text": ""
        },
        "type": "ia.input.button"
      }
    ],
    "meta": {
      "name": "root"
    },
    "type": "ia.container.coord"
  }
}