{
  "custom": {},
  "params": {
    "Path": "[default]",
    "Tag": "AGT_001",
    "x": null,
    "y": null
  },
  "propConfig": {
    "params.Path": {
      "paramDirection": "input",
      "persistent": true
    },
    "params.Tag": {
      "paramDirection": "input",
      "persistent": true
    },
    "params.x": {
      "paramDirection": "input",
      "persistent": true
    },
    "params.y": {
      "paramDirection": "input",
      "persistent": true
    }
  },
  "props": {
    "defaultSize": {
      "height": 67,
      "width": 155
    }
  },
  "root": {
    "children": [
      {
        "meta": {
          "name": "godsAlarmPolygon"
        },
        "position": {
          "height": 0.9254,
          "width": 0.8,
          "x": 0.0516,
          "y": 0.0746
        },
        "propConfig": {
          "props.elements[1].elements[0].stroke.paint": {
            "binding": {
              "config": {
                "expression": "//Visible if \u003e 0 but blinks if odd number from\r\n\t\t\r\nif(tag({view.params.Path}+{view.params.Tag}+\"/Val_NotifyAll\") % 2, //odd number\r\n\tif((True \u0026\u0026 getSecond(now())%2), 99, tag({view.params.Path}+{view.params.Tag}+\"/Val_NotifyAll\")), //show gray every other second\r\n\t\ttag({view.params.Path}+{view.params.Tag}+\"/Val_NotifyAll\")) //show solid color if not odd"
              },
              "transforms": [
                {
                  "fallback": "#ffc0ff",
                  "inputType": "scalar",
                  "mappings": [
                    {
                      "input": 0,
                      "output": "#00000000"
                    },
                    {
                      "input": 1,
                      "output": "#ffffff"
                    },
                    {
                      "input": 2,
                      "output": "#916aad"
                    },
                    {
                      "input": 3,
                      "output": "#916aad"
                    },
                    {
                      "input": 4,
                      "output": "#f5e11b"
                    },
                    {
                      "input": 5,
                      "output": "#f5e11b"
                    },
                    {
                      "input": 6,
                      "output": "#ec8629"
                    },
                    {
                      "input": 7,
                      "output": "#ec8629"
                    },
                    {
                      "input": 8,
                      "output": "#e22028"
                    },
                    {
                      "input": 9,
                      "output": "#e22028"
                    },
                    {
                      "input": 99,
                      "output": "#e0e0e0"
                    }
                  ],
                  "outputType": "scalar",
                  "type": "map"
                }
              ],
              "type": "expr"
            }
          }
        },
        "props": {
          "elements": [
            {
              "id": "defs1",
              "name": "defs1",
              "type": "defs"
            },
            {
              "elements": [
                {
                  "d": "M 7.3555684,0 H 116.64443 A 7.3555684,7.3555684 45 0 1 124,7.3555684 l 0,52.2888636 A 7.3555684,7.3555684 135 0 1 116.64443,67 H 7.3555684 A 7.3555684,7.3555684 45 0 1 0,59.644432 V 7.3555684 A 7.3555684,7.3555684 135 0 1 7.3555684,0 Z",
                  "fill": {
                    "paint": "transparent"
                  },
                  "id": "rect5",
                  "name": "rect5",
                  "stroke": {
                    "linecap": "round",
                    "linejoin": "round",
                    "width": "2.04701"
                  },
                  "transform": "matrix(0.26028648,0,0,0.25673932,0.26640483,0.26277429)",
                  "type": "path"
                }
              ],
              "id": "layer1",
              "name": "layer1",
              "type": "group"
            }
          ],
          "viewBox": "0 0 32.808332 17.727083"
        },
        "type": "ia.shapes.svg"
      },
      {
        "meta": {
          "name": "msi_AlarmIndicator"
        },
        "position": {
          "height": 0.2687,
          "width": 0.1032,
          "x": 0.0258
        },
        "propConfig": {
          "meta.visible": {
            "binding": {
              "config": {
                "expression": "//If (({#102.Val_NotifyAll} \u003d 0) and {#102.Sts_AlmInh}) then\r\n//   10\r\n//else\r\n//   {#102.Val_NotifyAll}\r\n//Blinking handled in the visible property for states 1,3,5,7,9\r\n\r\n!(if((tag({view.params.Path}+{view.params.Tag}+\"/Val_NotifyAll\") \u003d 0) \u0026\u0026 tag({view.params.Path}+{view.params.Tag}+\"/Sts_AlmInh\"),\r\n\tfalse,\r\n\tgetBit(tag({view.params.Path}+{view.params.Tag}+\"/Val_NotifyAll\"),0) \u0026\u0026 GetSecond(now())%2\r\n))\r\n"
              },
              "type": "expr"
            }
          },
          "props.source": {
            "binding": {
              "config": {
                "expression": "//If (({#102.Val_NotifyAll} \u003d 0) and {#102.Sts_AlmInh}) then\r\n//   10\r\n//else\r\n//   {#102.Val_NotifyAll}\r\n//Blinking handled in the visible property for states 1,3,5,7,9\r\n\r\nif((tag({view.params.Path}+{view.params.Tag}+\"/Val_NotifyAll\") \u003d 0) \u0026\u0026 tag({view.params.Path}+{view.params.Tag}+\"/Sts_AlmInh\"),\r\n\t10,\r\n\ttag({view.params.Path}+{view.params.Tag}+\"/Val_NotifyAll\"))"
              },
              "transforms": [
                {
                  "fallback": null,
                  "inputType": "scalar",
                  "mappings": [
                    {
                      "input": 0,
                      "output": null
                    },
                    {
                      "input": 1,
                      "output": "/system/images/PAX/Alm_AckReqd.svg"
                    },
                    {
                      "input": 2,
                      "output": "/system/images/PAX/Alm_PriorityLo.svg"
                    },
                    {
                      "input": 3,
                      "output": "/system/images/PAX/Alm_PriorityLo.svg"
                    },
                    {
                      "input": 4,
                      "output": "/system/images/PAX/Alm_PriorityMed.svg"
                    },
                    {
                      "input": 5,
                      "output": "/system/images/PAX/Alm_PriorityMed.svg"
                    },
                    {
                      "input": 6,
                      "output": "/system/images/PAX/Alm_PriorityHi.svg"
                    },
                    {
                      "input": 7,
                      "output": "/system/images/PAX/Alm_PriorityHi.svg"
                    },
                    {
                      "input": 8,
                      "output": "/system/images/PAX/Alm_PriorityUrg.svg"
                    },
                    {
                      "input": 9,
                      "output": "/system/images/PAX/Alm_PriorityUrg.svg"
                    },
                    {
                      "input": 10,
                      "output": "/system/images/PAX/Alm_Inhibit.svg"
                    }
                  ],
                  "outputType": "scalar",
                  "type": "map"
                }
              ],
              "type": "expr"
            }
          }
        },
        "props": {
          "fit": {
            "height": 95,
            "width": 95
          }
        },
        "type": "ia.display.image"
      },
      {
        "meta": {
          "name": "msi_Exceptions"
        },
        "position": {
          "height": 0.2687,
          "width": 0.1032,
          "x": 0.1355,
          "y": 0.3582
        },
        "propConfig": {
          "props.source": {
            "binding": {
              "config": {
                "expression": "//if ({#102.Sts_Err}) then 4\r\n//else if {#102.SrcQ.5} then 3\r\n//else if {#102.SrcQ.4} then 2\r\n//else if {#102.SrcQ.3} then 1\r\n//else 0\r\n\r\nif(tag({view.params.Path}+{view.params.Tag}+\"/Sts_Err\"), 4,\r\n\tif(getBit(tag({view.params.Path}+{view.params.Tag}+\"/SrcQ\"),5),3,\r\n\t\tif(getBit(tag({view.params.Path}+{view.params.Tag}+\"/SrcQ\"),4),2,\r\n\t\t\tif(getBit(tag({view.params.Path}+{view.params.Tag}+\"/SrcQ\"),3),1,\r\n\t\t\t0)\r\n\t\t)\r\n\t)\r\n)"
              },
              "transforms": [
                {
                  "fallback": null,
                  "inputType": "scalar",
                  "mappings": [
                    {
                      "input": 0,
                      "output": null
                    },
                    {
                      "input": 1,
                      "output": "/system/images/PAX/Sts_Simulated.svg"
                    },
                    {
                      "input": 2,
                      "output": "/system/images/PAX/Sts_CommUncertain.svg"
                    },
                    {
                      "input": 3,
                      "output": "/system/images/PAX/Sts_CommBad.svg"
                    },
                    {
                      "input": 4,
                      "output": "/system/images/PAX/Alm_PriorityMed.svg"
                    }
                  ],
                  "outputType": "scalar",
                  "type": "map"
                }
              ],
              "type": "expr"
            }
          }
        },
        "props": {
          "fit": {
            "height": 95,
            "width": 95
          }
        },
        "type": "ia.display.image"
      },
      {
        "meta": {
          "name": "godsLabel"
        },
        "position": {
          "height": 0.209,
          "width": 0.9032,
          "x": 0.0323,
          "y": 0.7612
        },
        "propConfig": {
          "props.text": {
            "binding": {
              "config": {
                "expression": "tag({view.params.Path}+{view.params.Tag}+\"/Cfg_Label\")"
              },
              "type": "expr"
            }
          }
        },
        "props": {
          "textStyle": {
            "classes": "PAX/godsLabel"
          }
        },
        "type": "ia.display.label"
      },
      {
        "meta": {
          "name": "msi_CmdSrcExceptions"
        },
        "position": {
          "height": 0.2687,
          "width": 0.1032,
          "x": 0.1548,
          "y": 0.6119
        },
        "propConfig": {
          "props.source": {
            "binding": {
              "config": {
                "expression": "//If ( {#102.Sts_OoS} ) then 2\r\n//else if ( {#102.CmdSrc.Sts_Normal} ) then 0\r\n//else 1\r\n\r\nif(tag({view.params.Path}+{view.params.Tag}+\"/Sts_OoS\"), 2,\r\n\tif(tag({view.params.Path}+{view.params.Tag}+\"/Sts_Normal\"),0,1)\r\n)\r\n"
              },
              "transforms": [
                {
                  "fallback": null,
                  "inputType": "scalar",
                  "mappings": [
                    {
                      "input": 0,
                      "output": null
                    },
                    {
                      "input": 1,
                      "output": "/system/images/PAX/Sts_BC_CmdSrcNotNorm.svg"
                    },
                    {
                      "input": 2,
                      "output": "/system/images/PAX/Sts_CmdSrcOoS.svg"
                    }
                  ],
                  "outputType": "scalar",
                  "type": "map"
                }
              ],
              "type": "expr"
            }
          }
        },
        "props": {
          "fit": {
            "height": 95,
            "width": 95
          }
        },
        "type": "ia.display.image"
      },
      {
        "meta": {
          "name": "Image_NotReady"
        },
        "position": {
          "height": 0.2687,
          "width": 0.1032,
          "x": 0.671,
          "y": 0.3134
        },
        "propConfig": {
          "meta.visible": {
            "binding": {
              "config": {
                "expression": "tag({view.params.Path}+{view.params.Tag}+\"/Sts_NotRdy\")"
              },
              "type": "expr"
            }
          }
        },
        "props": {
          "source": "/system/images/PAX/Sts_NotReady.svg"
        },
        "type": "ia.display.image"
      },
      {
        "meta": {
          "name": "Image_MaintBypass"
        },
        "position": {
          "height": 0.2687,
          "width": 0.1032,
          "x": 0.671,
          "y": 0.6119
        },
        "propConfig": {
          "meta.visible": {
            "binding": {
              "config": {
                "expression": "tag({view.params.Path}+{view.params.Tag}+\"/Sts_MaintByp\")"
              },
              "type": "expr"
            }
          }
        },
        "props": {
          "source": "/system/images/PAX/Sts_BC_MaintByp.svg"
        },
        "type": "ia.display.image"
      },
      {
        "meta": {
          "name": "Valve_MSI_Status"
        },
        "position": {
          "height": 0.209,
          "width": 0.4839,
          "x": 0.471,
          "y": 0.1045
        },
        "propConfig": {
          "props.text": {
            "binding": {
              "config": {
                "expression": "tag({view.params.Path}+{view.params.Tag}+\"/Val_Sts\")\r\n"
              },
              "transforms": [
                {
                  "fallback": "Error",
                  "inputType": "scalar",
                  "mappings": [
                    {
                      "input": 0,
                      "output": "Unknown"
                    },
                    {
                      "input": 1,
                      "output": "Closed"
                    },
                    {
                      "input": 2,
                      "output": "Opened"
                    },
                    {
                      "input": 5,
                      "output": "Closing"
                    },
                    {
                      "input": 6,
                      "output": "Opening"
                    },
                    {
                      "input": 10,
                      "output": "Horn"
                    }
                  ],
                  "outputType": "scalar",
                  "type": "map"
                }
              ],
              "type": "expr"
            }
          }
        },
        "props": {
          "textStyle": {
            "classes": "PAX/godsLabel"
          }
        },
        "type": "ia.display.label"
      },
      {
        "meta": {
          "name": "GO_P_ValveSO"
        },
        "position": {
          "height": 0.4179,
          "width": 0.1226,
          "x": 0.3355,
          "y": 0.1045
        },
        "propConfig": {
          "props.style.classes": {
            "binding": {
              "config": {
                "expression": "tag({view.params.Path}+{view.params.Tag}+\"/Val_Sts\")"
              },
              "transforms": [
                {
                  "fallback": null,
                  "inputType": "scalar",
                  "mappings": [],
                  "outputType": "scalar",
                  "type": "map"
                }
              ],
              "type": "expr"
            }
          }
        },
        "props": {
          "elements": [
            {
              "id": "defs1",
              "name": "defs1",
              "type": "defs"
            },
            {
              "elements": [
                {
                  "d": "M 0.23412385,-5.7079255 54.828477,38.869662 l 0,-44.5775875 L 0.23412385,38.869662 Z",
                  "id": "rect1",
                  "name": "rect1",
                  "stroke": {
                    "paint": "#000000",
                    "width": "3.32974"
                  },
                  "transform": "matrix(0.08350413,0,0,0.07561264,0.21456441,4.2453382)",
                  "type": "path"
                },
                {
                  "elements": [
                    {
                      "fill": {
                        "paint": "#f9f9f9"
                      },
                      "height": "19",
                      "id": "rect2",
                      "name": "rect2",
                      "stroke": {
                        "paint": "#000000",
                        "width": "2.01139"
                      },
                      "transform": "matrix(0.07703206,0,0,0.07703206,1.0891296,2.6412632)",
                      "type": "rect",
                      "width": "19",
                      "x": "8.1584816",
                      "y": "0"
                    },
                    {
                      "d": "m 64.451019,-0.80669212 q 0,4.29687502 -3.652343,6.99218752 -3.632813,2.6757812 -9.882813,2.6757812 -3.613281,0 -6.308594,-0.625 -2.675781,-0.6445312 -5.019531,-1.6210937 v -6.97265627 h 0.820313 q 2.324218,1.85546877 5.195312,2.85156247 2.890625,0.9960938 5.546875,0.9960938 0.683594,0 1.796875,-0.1171875 1.113281,-0.1171875 1.816406,-0.390625 0.859375,-0.3515625 1.40625,-0.8789063 0.566407,-0.5273437 0.566407,-1.56249997 0,-0.95703125 -0.820313,-1.64062503 -0.800781,-0.703125 -2.363281,-1.0742187 -1.640625,-0.390625 -3.476563,-0.7226563 -1.816406,-0.3515625 -3.417968,-0.8789062 -3.671875,-1.1914063 -5.292969,-3.2226563 -1.601563,-2.0507812 -1.601563,-5.0781246 0,-4.0625 3.632813,-6.621094 3.652344,-2.578125 9.375,-2.578125 2.871094,0 5.664062,0.566406 2.8125,0.546875 4.863282,1.386719 v 6.699219 h -0.800782 q -1.757812,-1.40625 -4.316406,-2.34375 -2.539062,-0.957032 -5.195312,-0.957032 -0.9375,0 -1.875,0.136719 -0.917969,0.117188 -1.777344,0.46875 -0.761719,0.292969 -1.308594,0.898438 -0.546875,0.585937 -0.546875,1.347656 0,1.152344 0.878906,1.777344 0.878907,0.605468 3.320313,1.113281 1.601562,0.3320311 3.066406,0.6445311 1.484375,0.3125 3.183594,0.859375 3.339844,1.09375 4.921875,2.9882813 1.601562,1.875 1.601562,4.88281248 z",
                      "fill": {
                        "paint": "#000000"
                      },
                      "id": "text2",
                      "name": "text2",
                      "stroke": {
                        "width": "6.06166"
                      },
                      "style": {
                        "fontSize": "40px",
                        "fontWeight": "bold",
                        "letterSpacing": "0px",
                        "lineHeight": "1.25",
                        "wordSpacing": "0px"
                      },
                      "transform": "matrix(0.02556087,0,0,0.02556087,1.1197385,3.4776647)",
                      "type": "path"
                    }
                  ],
                  "id": "g3",
                  "name": "g3",
                  "stroke": {
                    "width": "0.585605"
                  },
                  "transform": "matrix(1.7076362,0,0,1.7076362,-1.6691404,-3.7217649)",
                  "type": "group"
                },
                {
                  "d": "m 29.5,19 0,9.411305",
                  "fill": {
                    "paint": "transparent"
                  },
                  "id": "path2",
                  "name": "path2",
                  "stroke": {
                    "linecap": "butt",
                    "linejoin": "miter",
                    "opacity": "1",
                    "paint": "#000000",
                    "width": "1.13247"
                  },
                  "transform": "matrix(0.24710741,0,0,0.22089452,-4.7761269,-0.77684026)",
                  "type": "path"
                }
              ],
              "id": "layer1",
              "name": "layer1",
              "type": "group"
            }
          ],
          "style": {},
          "viewBox": "0 0 5.0270831 7.4083333"
        },
        "type": "ia.shapes.svg"
      },
      {
        "events": {
          "dom": {
            "onClick": {
              "config": {
                "script": "\tPAX.Macros.NavToFaceplate(system.perspective, self, event, self.view.params.Path, self.view.params.Tag)\n"
              },
              "scope": "G",
              "type": "script"
            }
          }
        },
        "meta": {
          "name": "godsBtnFaceplate"
        },
        "position": {
          "height": 0.7463,
          "width": 0.7742,
          "x": 0.071,
          "y": 0.1045
        },
        "props": {
          "style": {
            "backgroundColor": "#ffffff00",
            "borderStyle": "none"
          },
          "text": ""
        },
        "type": "ia.input.button"
      }
    ],
    "meta": {
      "name": "root"
    },
    "props": {
      "mode": "percent"
    },
    "type": "ia.container.coord"
  }
}