{
  "custom": {},
  "params": {
    "Path": "[default]",
    "Tag": "AGT_001/CmdSrc"
  },
  "propConfig": {
    "params.Path": {
      "paramDirection": "input",
      "persistent": true
    },
    "params.Tag": {
      "paramDirection": "input",
      "persistent": true
    }
  },
  "props": {
    "defaultSize": {
      "height": 170,
      "width": 245
    }
  },
  "root": {
    "children": [
      {
        "children": [
          {
            "meta": {
              "name": "GO_OperatorButtons"
            },
            "position": {
              "height": 40,
              "width": 140,
              "x": 10,
              "y": 60
            },
            "propConfig": {
              "props.params.Path": {
                "binding": {
                  "config": {
                    "path": "view.params.Path"
                  },
                  "type": "property"
                }
              },
              "props.params.Tag": {
                "binding": {
                  "config": {
                    "path": "view.params.Tag"
                  },
                  "type": "property"
                }
              }
            },
            "props": {
              "path": "PAX/GlobalObjects/Process Command Source Objects/GO_OperatorButtons"
            },
            "type": "ia.display.view"
          }
        ],
        "meta": {
          "name": "TabPageHome"
        },
        "position": {
          "height": 170,
          "width": 205,
          "x": 40
        },
        "propConfig": {
          "meta.visible": {
            "binding": {
              "config": {
                "expression": "{/root.custom.ActiveTab} \u003d 0"
              },
              "type": "expr"
            }
          }
        },
        "type": "ia.container.coord"
      },
      {
        "children": [
          {
            "meta": {
              "name": "Label_0"
            },
            "position": {
              "height": 32,
              "width": 127,
              "x": -0.000003814697265625,
              "y": 131
            },
            "props": {
              "text": "Maint"
            },
            "type": "ia.display.label"
          }
        ],
        "meta": {
          "name": "TabPageMaint"
        },
        "position": {
          "height": 170,
          "width": 205,
          "x": 40
        },
        "propConfig": {
          "meta.visible": {
            "binding": {
              "config": {
                "expression": "{/root.custom.ActiveTab} \u003d 1"
              },
              "type": "expr"
            }
          }
        },
        "type": "ia.container.coord"
      },
      {
        "children": [
          {
            "events": {
              "dom": {
                "onClick": {
                  "config": {
                    "script": "\tself.view.getChild(\"root\").custom.ActiveTab \u003d 0"
                  },
                  "scope": "G",
                  "type": "script"
                }
              }
            },
            "meta": {
              "name": "GO_TabButtonHome"
            },
            "position": {
              "height": 36,
              "width": 36,
              "x": 2
            },
            "props": {
              "image": {
                "height": 32,
                "position": "center",
                "source": "/system/images/PAX/Nav_Home.svg",
                "width": 32
              },
              "style": {
                "classes": "PAX/Buttons/btn-background"
              },
              "text": ""
            },
            "type": "ia.input.button"
          },
          {
            "events": {
              "dom": {
                "onClick": {
                  "config": {
                    "script": "\tself.view.getChild(\"root\").custom.ActiveTab \u003d 1"
                  },
                  "scope": "G",
                  "type": "script"
                }
              }
            },
            "meta": {
              "name": "GO_TabButtonMaintenance"
            },
            "position": {
              "height": 36,
              "width": 36,
              "x": 2,
              "y": 40
            },
            "props": {
              "image": {
                "height": 32,
                "position": "center",
                "source": "/system/images/PAX/Nav_Maint.svg",
                "width": 32
              },
              "style": {
                "classes": "PAX/Buttons/btn-background"
              },
              "text": ""
            },
            "type": "ia.input.button"
          },
          {
            "events": {
              "dom": {
                "onClick": {
                  "config": {
                    "script": "\t#{RALibrary\\HelpFilePath} + \"\\Help \" + {#2.HMI_Lib} + \" \" + {#2.HMI_Type} + \" \" + CurrentLanguage(  ) + \".pdf\"\n\tpass\n\t"
                  },
                  "scope": "G",
                  "type": "script"
                }
              }
            },
            "meta": {
              "name": "GO_ButtonHelp"
            },
            "position": {
              "height": 36,
              "width": 36,
              "x": 2,
              "y": 130
            },
            "props": {
              "image": {
                "height": 32,
                "position": "center",
                "source": "/system/images/PAX/Nav_Help.svg",
                "width": 32
              },
              "style": {
                "classes": "PAX/Buttons/btn-background"
              },
              "text": ""
            },
            "type": "ia.input.button"
          }
        ],
        "meta": {
          "name": "GroupControls"
        },
        "position": {
          "height": 166,
          "width": 40,
          "y": 2
        },
        "type": "ia.container.coord"
      },
      {
        "children": [
          {
            "meta": {
              "name": "GO_CmdSrcDisplay"
            },
            "position": {
              "height": 24,
              "width": 194
            },
            "propConfig": {
              "props.params.Path": {
                "binding": {
                  "config": {
                    "path": "view.params.Path"
                  },
                  "type": "property"
                }
              },
              "props.params.Tag": {
                "binding": {
                  "config": {
                    "path": "view.params.Tag"
                  },
                  "type": "property"
                }
              }
            },
            "props": {
              "path": "PAX/GlobalObjects/Process Command Source Objects/GO_CmdSrcDisplay"
            },
            "type": "ia.display.view"
          },
          {
            "meta": {
              "name": "EmbeddedView"
            },
            "position": {
              "height": 21,
              "width": 179,
              "x": 6,
              "y": 28
            },
            "propConfig": {
              "props.params.Path": {
                "binding": {
                  "config": {
                    "path": "view.params.Path"
                  },
                  "type": "property"
                }
              },
              "props.params.Tag": {
                "binding": {
                  "config": {
                    "path": "view.params.Tag"
                  },
                  "type": "property"
                }
              }
            },
            "props": {
              "path": "PAX/GlobalObjects/(RA-BAS) Process Command Source Objects/GO_CmdSrcActiveDisplay"
            },
            "type": "ia.display.view"
          }
        ],
        "meta": {
          "name": "StaticGroup"
        },
        "position": {
          "height": 49,
          "width": 205,
          "x": 40
        },
        "type": "ia.container.coord"
      }
    ],
    "custom": {
      "ActiveTab": 0
    },
    "meta": {
      "name": "root"
    },
    "props": {
      "style": {
        "classes": "PAX/PaxPopupWindow"
      }
    },
    "type": "ia.container.coord"
  }
}