{
  "custom": {},
  "params": {
    "Path": "[default]",
    "Tag": "AGT_001"
  },
  "propConfig": {
    "params.Path": {
      "paramDirection": "input",
      "persistent": true
    },
    "params.Tag": {
      "paramDirection": "input",
      "persistent": true
    }
  },
  "props": {
    "defaultSize": {
      "height": 335,
      "width": 395
    }
  },
  "root": {
    "children": [
      {
        "children": [
          {
            "events": {
              "dom": {
                "onClick": {
                  "config": {
                    "script": "\tself.view.getChild(\"root\").custom.ActiveTab \u003d 0"
                  },
                  "scope": "G",
                  "type": "script"
                }
              }
            },
            "meta": {
              "name": "GO_TabButtonHome"
            },
            "position": {
              "height": 36,
              "width": 36,
              "x": 2
            },
            "props": {
              "image": {
                "height": 32,
                "position": "center",
                "source": "/system/images/PAX/Nav_Home.svg",
                "width": 32
              },
              "style": {
                "classes": "PAX/Buttons/btn-background"
              },
              "text": ""
            },
            "type": "ia.input.button"
          },
          {
            "events": {
              "dom": {
                "onClick": {
                  "config": {
                    "script": "\tself.view.getChild(\"root\").custom.ActiveTab \u003d 1"
                  },
                  "scope": "G",
                  "type": "script"
                }
              }
            },
            "meta": {
              "name": "GO_TabButtonMaintenance"
            },
            "position": {
              "height": 36,
              "width": 36,
              "x": 2,
              "y": 40
            },
            "props": {
              "image": {
                "height": 32,
                "position": "center",
                "source": "/system/images/PAX/Nav_Maint.svg",
                "width": 32
              },
              "style": {
                "classes": "PAX/Buttons/btn-background"
              },
              "text": ""
            },
            "type": "ia.input.button"
          },
          {
            "events": {
              "dom": {
                "onClick": {
                  "config": {
                    "script": "\t#{RALibrary\\HelpFilePath} + \"\\Help \" + {#2.HMI_Lib} + \" \" + {#2.HMI_Type} + \" \" + CurrentLanguage(  ) + \".pdf\"\n\tpass\n\t"
                  },
                  "scope": "G",
                  "type": "script"
                }
              }
            },
            "meta": {
              "name": "GO_ButtonHelp"
            },
            "position": {
              "height": 36,
              "width": 36,
              "x": 2,
              "y": 260
            },
            "props": {
              "image": {
                "height": 32,
                "position": "center",
                "source": "/system/images/PAX/Nav_Help.svg",
                "width": 32
              },
              "style": {
                "classes": "PAX/Buttons/btn-background"
              },
              "text": ""
            },
            "type": "ia.input.button"
          }
        ],
        "meta": {
          "name": "GroupControls"
        },
        "position": {
          "height": 296,
          "width": 40,
          "y": 2
        },
        "type": "ia.container.coord"
      },
      {
        "children": [
          {
            "meta": {
              "name": "Placeholder"
            },
            "position": {
              "height": 16,
              "width": 259,
              "x": 50,
              "y": 150
            },
            "props": {
              "text": "P_Intlk - Tab 0 - Not Complete"
            },
            "type": "ia.display.label"
          }
        ],
        "meta": {
          "name": "TabContainer_0"
        },
        "position": {
          "height": 300,
          "width": 355,
          "x": 40
        },
        "propConfig": {
          "meta.visible": {
            "binding": {
              "config": {
                "expression": "{parent.custom.ActiveTab} \u003d 0"
              },
              "type": "expr"
            }
          }
        },
        "type": "ia.container.coord"
      },
      {
        "children": [
          {
            "meta": {
              "name": "Placeholder"
            },
            "position": {
              "height": 16,
              "width": 259,
              "x": 50,
              "y": 150
            },
            "props": {
              "text": "Tab 1 - Not Complete"
            },
            "type": "ia.display.label"
          }
        ],
        "meta": {
          "name": "TabContainer_1"
        },
        "position": {
          "height": 300,
          "width": 355,
          "x": 40
        },
        "propConfig": {
          "meta.visible": {
            "binding": {
              "config": {
                "expression": "{parent.custom.ActiveTab} \u003d 1"
              },
              "type": "expr"
            }
          }
        },
        "type": "ia.container.coord"
      }
    ],
    "custom": {
      "ActiveTab": 0
    },
    "meta": {
      "name": "root"
    },
    "position": {
      "x": 0,
      "y": 0
    },
    "props": {
      "style": {
        "classes": "PAX/PaxPopupWindow"
      }
    },
    "type": "ia.container.coord"
  }
}