{
  "custom": {},
  "params": {
    "P2": 0
  },
  "propConfig": {
    "params.P2": {
      "paramDirection": "input",
      "persistent": true
    }
  },
  "props": {
    "defaultSize": {
      "height": 20,
      "width": 190
    }
  },
  "root": {
    "children": [
      {
        "meta": {
          "name": "Label"
        },
        "position": {
          "height": 18,
          "width": 160,
          "x": 20
        },
        "propConfig": {
          "props.text": {
            "binding": {
              "config": {
                "expression": "switch({view.params.P2},\r\n0,                 4,     8,            16,        32,       33,                34,\t\t  64,        65,                66,       128,                   129,                    256,\r\n\"Logic Not In Use\",\"Hand\",\"Maintenance\",\"Override\",\"Program\",\"Program (locked)\",\"Program\",\"Operator\",\"Operator (locked)\",\"Operator\",\"Maint. Out Of Service\",\"Logic Out of Service\",\"External\",\r\n\"Error\")"
              },
              "type": "expr"
            }
          }
        },
        "type": "ia.display.label"
      },
      {
        "meta": {
          "name": "Icon"
        },
        "position": {
          "height": 20,
          "width": 20
        },
        "propConfig": {
          "props.path": {
            "binding": {
              "config": {
                "expression": "switch({view.params.P2},\r\n0,                 4,     8,            16,        32,       33,                34,\t\t  64,        65,                66,       128,                   129,                    256,\r\n\"\",\"material/handyman\",\"material/filter_vintage\",\"material/handyman\",\"material/flash_auto\",\"material/flash_auto\",\"material/flash_auto\",\"material/person\",\"material/person\",\"material/person\",\"material/handyman\",\"material/handyman\",\"material/cloud_download\",\r\n\"Error\")"
              },
              "type": "expr"
            }
          }
        },
        "type": "ia.display.icon"
      }
    ],
    "meta": {
      "name": "root"
    },
    "type": "ia.container.coord"
  }
}