{
  "custom": {},
  "params": {
    "Path": "[default]",
    "Tag": "AGT_001"
  },
  "propConfig": {
    "params.Path": {
      "paramDirection": "input",
      "persistent": true
    },
    "params.Tag": {
      "paramDirection": "input",
      "persistent": true
    }
  },
  "props": {
    "defaultSize": {
      "height": 40,
      "width": 40
    }
  },
  "root": {
    "children": [
      {
        "events": {
          "dom": {
            "onClick": {
              "config": {
                "script": "\tpass #VBA to Show page 2"
              },
              "scope": "G",
              "type": "script"
            }
          }
        },
        "meta": {
          "name": "NavButtonShowMore"
        },
        "position": {
          "height": 36,
          "width": 36,
          "x": 2,
          "y": 2
        },
        "propConfig": {
          "meta.visible": {
            "binding": {
              "config": {
                "expression": "//{#2.Val_UnackAlmC} \u003e 1\r\ntag({view.params.Path}+{view.params.Tag}+\"/Val_UnackAlmC\") \u003e 1"
              },
              "type": "expr"
            }
          }
        },
        "props": {
          "image": {
            "height": 32,
            "position": "center",
            "source": "/system/images/PAX/Nav_ShowMore.svg",
            "width": 32
          },
          "style": {
            "classes": "PAX/Buttons/btn-background"
          },
          "text": ""
        },
        "type": "ia.input.button"
      },
      {
        "events": {
          "dom": {
            "onClick": {
              "config": {
                "script": "\tsystem.tag.writeBlocking([self.view.params.Path+self.view.params.Tag+\"/OCmd_ResetAckAll\"], [1])"
              },
              "scope": "G",
              "type": "script"
            }
          }
        },
        "meta": {
          "name": "ActiveButtonResetAck1",
          "tooltip": {
            "enabled": true
          }
        },
        "position": {
          "height": 36,
          "width": 36,
          "x": 2,
          "y": 2
        },
        "propConfig": {
          "props.enabled": {
            "binding": {
              "config": {
                "expression": "//CurrentUserHasCode( {Security\\AlarmAck} ) and CurrentUserHasGroup( {#2.Cfg_Area} + \"_Basic\" ) and (#1 \u003e 0) AND {#2.ORdy_ResetAckAll} AND ({#2.Val_UnackAlmC} \u003c\u003d 1)\r\ntrue \u0026\u0026 true \u0026\u0026 true \u0026\u0026 tag({view.params.Path}+{view.params.Tag}+\"/ORdy_ResetAckAll\") \u0026\u0026 tag({view.params.Path}+{view.params.Tag}+\"/Val_UnackAlmC\") \u003c\u003d1"
              },
              "type": "expr"
            }
          },
          "props.image.source": {
            "binding": {
              "config": {
                "expression": "{this.props.enabled}\r\n"
              },
              "transforms": [
                {
                  "fallback": "/system/images/PAX/Error.svg",
                  "inputType": "scalar",
                  "mappings": [
                    {
                      "input": false,
                      "output": "/system/images/PAX/Cmd_AlmAckAllReset_Disa.svg"
                    },
                    {
                      "input": true,
                      "output": "/system/images/PAX/Cmd_AlmAckAllReset.svg"
                    }
                  ],
                  "outputType": "scalar",
                  "type": "map"
                }
              ],
              "type": "expr"
            }
          }
        },
        "props": {
          "image": {
            "height": 32,
            "position": "center",
            "width": 32
          },
          "style": {
            "classes": "PAX/Buttons/btn-background"
          },
          "text": ""
        },
        "type": "ia.input.button"
      }
    ],
    "meta": {
      "name": "root"
    },
    "type": "ia.container.coord"
  }
}