{
  "custom": {},
  "params": {
    "path": "[default]",
    "tag": "AGT_001"
  },
  "propConfig": {
    "params.path": {
      "paramDirection": "input",
      "persistent": true
    },
    "params.tag": {
      "paramDirection": "input",
      "persistent": true
    }
  },
  "props": {
    "defaultSize": {
      "height": 335,
      "width": 395
    }
  },
  "root": {
    "children": [
      {
        "children": [
          {
            "children": [
              {
                "meta": {
                  "name": "Label_0"
                },
                "position": {
                  "height": 47.24,
                  "width": 132.09,
                  "x": 5.78,
                  "y": 19.78
                },
                "propConfig": {
                  "props.text": {
                    "binding": {
                      "config": {
                        "expression": "tag({view.params.path}+{view.params.tag}+\"/Cfg_Tag\")\r\n"
                      },
                      "type": "expr"
                    }
                  }
                },
                "type": "ia.display.label"
              },
              {
                "meta": {
                  "name": "Label_1"
                },
                "position": {
                  "height": 47.24,
                  "width": 258.87,
                  "x": 5.78,
                  "y": 74.4
                },
                "propConfig": {
                  "props.text": {
                    "binding": {
                      "config": {
                        "expression": "tag({view.params.path}+{view.params.tag}+\"/Cfg_Desc\")\r\n"
                      },
                      "type": "expr"
                    }
                  }
                },
                "type": "ia.display.label"
              },
              {
                "events": {
                  "dom": {
                    "onClick": {
                      "config": {
                        "script": "\tpath \u003d self.view.params.path\n\ttag \u003d self.view.params.tag\n\tfull_tag \u003d path+tag\n\tHMI_Type \u003d \"P_CmdSrc\"\n\tHMI_Lib \u003d \"RA-BAS\"\n\ttitle \u003d system.tag.readBlocking([full_tag+\"/Cfg_Tag\"])[0].value\n\tpopup_path \u003d \"PAX/RA-BAS/(\"+HMI_Lib+\") \"+HMI_Type+\"-Faceplate\"#e.g. PAX/RA-BAS/(RA-BAS) P_CmdSrc-Faceplate\n\tidx \u003d popup_path+tag+\"-CmdSrc\" #unique id for popup\n\t#self.props.text \u003d \"testing\"\n\tsystem.perspective.openPopup(idx, \"PAX/RA-BAS/(RA-BAS) P_CmdSrc-Faceplate\",\n\ttitle\u003dtitle,\n\tparams\u003d{\"path\":path,\"tag\":tag},\n\tposition\u003d{\u0027left\u0027:event.pageX, \u0027top\u0027:event.pageY})"
                      },
                      "scope": "G",
                      "type": "script"
                    }
                  }
                },
                "meta": {
                  "name": "Button"
                },
                "position": {
                  "height": 44.07,
                  "width": 218.31,
                  "x": 13.14,
                  "y": 177.35
                },
                "props": {
                  "text": "CmdSrc"
                },
                "type": "ia.input.button"
              },
              {
                "meta": {
                  "name": "GO_StartButton"
                },
                "position": {
                  "height": 40,
                  "width": 40,
                  "x": 300,
                  "y": 205
                },
                "propConfig": {
                  "props.params.Path": {
                    "binding": {
                      "config": {
                        "path": "view.params.path"
                      },
                      "type": "property"
                    }
                  },
                  "props.params.Tag": {
                    "binding": {
                      "config": {
                        "path": "view.params.tag"
                      },
                      "type": "property"
                    }
                  }
                },
                "props": {
                  "path": "PAX/GlobalObjects/(RA-BAS) Process Faceplate Motor Objects/GO_StartButton"
                },
                "type": "ia.display.view"
              },
              {
                "meta": {
                  "name": "GO_JogButton"
                },
                "position": {
                  "height": 40,
                  "width": 40,
                  "x": 350,
                  "y": 205
                },
                "propConfig": {
                  "props.params.Path": {
                    "binding": {
                      "config": {
                        "path": "view.params.path"
                      },
                      "type": "property"
                    }
                  }
                },
                "props": {
                  "params": {
                    "Tag": "AGT_001"
                  },
                  "path": "PAX/GlobalObjects/(RA-BAS) Process Faceplate Motor Objects/GO_JogButton"
                },
                "type": "ia.display.view"
              },
              {
                "meta": {
                  "name": "GO_StopButton"
                },
                "position": {
                  "height": 40,
                  "width": 40,
                  "x": 250,
                  "y": 205
                },
                "propConfig": {
                  "props.params.Path": {
                    "binding": {
                      "config": {
                        "path": "view.params.path"
                      },
                      "type": "property"
                    }
                  }
                },
                "props": {
                  "params": {
                    "Tag": "AGT_001"
                  },
                  "path": "PAX/GlobalObjects/(RA-BAS) Process Faceplate Motor Objects/GO_StopButton"
                },
                "type": "ia.display.view"
              },
              {
                "meta": {
                  "name": "GO_InterlockButton"
                },
                "position": {
                  "height": 40,
                  "width": 40,
                  "x": 250,
                  "y": 255
                },
                "propConfig": {
                  "props.params.Param102": {
                    "binding": {
                      "config": {
                        "expression": "tag({view.params.path}+{view.params.tag}+\"/Inp_IntlkOk\")"
                      },
                      "type": "expr"
                    }
                  },
                  "props.params.Param103": {
                    "binding": {
                      "config": {
                        "expression": "tag({view.params.path}+{view.params.tag}+\"/Inp_NBIntlkOk\")"
                      },
                      "type": "expr"
                    }
                  },
                  "props.params.Param104": {
                    "binding": {
                      "config": {
                        "expression": "tag({view.params.path}+{view.params.tag}+\"/Sts_BypActive\")"
                      },
                      "type": "expr"
                    }
                  },
                  "props.params.Param105": {
                    "binding": {
                      "config": {
                        "expression": "tag({view.params.path}+{view.params.tag}+\"/Cfg_HasIntlkObj\")"
                      },
                      "type": "expr"
                    }
                  },
                  "props.params.Param106": {
                    "binding": {
                      "config": {
                        "expression": "{view.params.tag}+\"_Intlk\""
                      },
                      "type": "expr"
                    }
                  },
                  "props.params.Param107": {
                    "binding": {
                      "config": {
                        "path": "view.params.path"
                      },
                      "type": "property"
                    }
                  },
                  "props.params.Path": {
                    "binding": {
                      "config": {
                        "path": "view.params.path"
                      },
                      "type": "property"
                    }
                  },
                  "props.params.Tag": {
                    "binding": {
                      "config": {
                        "path": "view.params.tag"
                      },
                      "type": "property"
                    }
                  }
                },
                "props": {
                  "path": "PAX/GlobalObjects/(RA-BAS) Process Interlock Objects/GO_InterlockButton"
                },
                "type": "ia.display.view"
              },
              {
                "meta": {
                  "name": "GO_PermissiveButton"
                },
                "position": {
                  "height": 40,
                  "width": 40,
                  "x": 300,
                  "y": 255
                },
                "propConfig": {
                  "props.params.Param102": {
                    "binding": {
                      "config": {
                        "expression": "tag({view.params.path}+{view.params.tag}+\"/Inp_PermOk\")"
                      },
                      "type": "expr"
                    }
                  },
                  "props.params.Param103": {
                    "binding": {
                      "config": {
                        "expression": "tag({view.params.path}+{view.params.tag}+\"/Inp_NBPermOk\")"
                      },
                      "type": "expr"
                    }
                  },
                  "props.params.Param104": {
                    "binding": {
                      "config": {
                        "expression": "tag({view.params.path}+{view.params.tag}+\"/Sts_BypActive\")"
                      },
                      "type": "expr"
                    }
                  },
                  "props.params.Param105": {
                    "binding": {
                      "config": {
                        "expression": "tag({view.params.path}+{view.params.tag}+\"/Cfg_HasPermObj\")"
                      },
                      "type": "expr"
                    }
                  },
                  "props.params.Param106": {
                    "binding": {
                      "config": {
                        "expression": "{view.params.tag}+\"_Perm\""
                      },
                      "type": "expr"
                    }
                  },
                  "props.params.Param107": {
                    "binding": {
                      "config": {
                        "path": "view.params.path"
                      },
                      "type": "property"
                    }
                  },
                  "props.params.Path": {
                    "binding": {
                      "config": {
                        "path": "view.params.path"
                      },
                      "type": "property"
                    }
                  },
                  "props.params.Tag": {
                    "binding": {
                      "config": {
                        "path": "view.params.tag"
                      },
                      "type": "property"
                    }
                  }
                },
                "props": {
                  "path": "PAX/GlobalObjects/(RA-BAS) Process Interlock Objects/GO_PermissiveButton"
                },
                "type": "ia.display.view"
              }
            ],
            "meta": {
              "name": "TabContainer_0"
            },
            "type": "ia.container.coord"
          },
          {
            "meta": {
              "name": "TabContainer_1"
            },
            "position": {
              "tabIndex": 1
            },
            "type": "ia.container.coord"
          }
        ],
        "meta": {
          "name": "TabContainer"
        },
        "position": {
          "height": 335,
          "width": 395
        },
        "props": {
          "contentStyle": {
            "classes": "PAX/PaxPopupWindow"
          },
          "tabSize": {
            "height": 35,
            "width": 35
          },
          "tabStyle": {
            "active": {
              "classes": "PAX/FaceplateActiveTab"
            }
          },
          "tabs": [
            {
              "viewPath": "PAX/GlobalObjects/(RA-BAS) Common Faceplate Objects/GO_TabButtonHome"
            },
            {
              "viewPath": "PAX/GlobalObjects/(RA-BAS) Common Faceplate Objects/GO_TabButtonMaintenance"
            },
            {
              "viewPath": "PAX/GlobalObjects/(RA-BAS) Common Faceplate Objects/GO_TabButtonDiagnostics"
            },
            {
              "viewPath": "PAX/GlobalObjects/(RA-BAS) Common Faceplate Objects/GO_TabButtonAlarm"
            }
          ]
        },
        "type": "ia.container.tab"
      }
    ],
    "meta": {
      "name": "root"
    },
    "position": {
      "x": 0,
      "y": 0
    },
    "props": {
      "style": {
        "classes": "PAX/PaxPopupWindow"
      }
    },
    "type": "ia.container.coord"
  }
}