{
  "custom": {},
  "params": {
    "Path": "[default]",
    "Tag": "HS912"
  },
  "propConfig": {
    "params.Path": {
      "paramDirection": "input",
      "persistent": true
    },
    "params.Tag": {
      "paramDirection": "input",
      "persistent": true
    }
  },
  "props": {
    "defaultSize": {
      "height": 40,
      "width": 40
    }
  },
  "root": {
    "children": [
      {
        "events": {
          "dom": {
            "onClick": {
              "config": {
                "script": "\tsystem.tag.writeBlocking([self.view.params.Path+self.view.params.Tag+\"/OCmd_Close\"], [1])"
              },
              "scope": "G",
              "type": "script"
            }
          }
        },
        "meta": {
          "name": "Button_Close"
        },
        "position": {
          "height": 32,
          "width": 32,
          "x": 4,
          "y": 4
        },
        "propConfig": {
          "props.enabled": {
            "binding": {
              "config": {
                "expression": "//CurrentUserHasCode( {Security\\OperateEquipment} ) and CurrentUserHasGroup( {#2.Cfg_Area} + \"_Basic\" ) and (#1 \u003e 0) and {#2.ORdy_Close}\r\nif(tag({view.params.Path}+{view.params.Tag}+\"/ORdy_Close\"), True, False)"
              },
              "type": "expr"
            }
          },
          "props.image.source": {
            "binding": {
              "config": {
                "expression": "if({this.props.enabled}, \"/system/images/PAX/Cmd_ValveClose.svg\", \"/system/images/PAX/Cmd_ValveClose_Disa.svg\")"
              },
              "type": "expr"
            }
          },
          "props.style.classes": {
            "binding": {
              "config": {
                "expression": "//{#2.Sts_Closed}\r\nif(tag({view.params.Path}+{view.params.Tag}+\"/Sts_Closed\"),\"PAX/Buttons/btn-background-active\",\"PAX/Buttons/btn-background\")"
              },
              "type": "expr"
            }
          }
        },
        "props": {
          "image": {},
          "style": {},
          "text": ""
        },
        "type": "ia.input.button"
      }
    ],
    "meta": {
      "name": "root"
    },
    "type": "ia.container.coord"
  }
}