{
  "custom": {},
  "params": {
    "Path": "[default]",
    "Tag": "AGT_001",
    "x": null,
    "y": null
  },
  "propConfig": {
    "params.Path": {
      "paramDirection": "input",
      "persistent": true
    },
    "params.Tag": {
      "paramDirection": "input",
      "persistent": true
    },
    "params.x": {
      "paramDirection": "input",
      "persistent": true
    },
    "params.y": {
      "paramDirection": "input",
      "persistent": true
    }
  },
  "props": {
    "defaultSize": {
      "height": 72,
      "width": 140
    }
  },
  "root": {
    "children": [
      {
        "meta": {
          "name": "godsAlarmPolygon"
        },
        "position": {
          "height": 67,
          "width": 124,
          "x": 9,
          "y": 2
        },
        "propConfig": {
          "props.elements[1].elements[0].stroke.paint": {
            "binding": {
              "config": {
                "expression": "//Visible if \u003e 0 but blinks if odd number from\r\n\t\t\r\nif(tag({view.params.Path}+{view.params.Tag}+\"/Val_NotifyAll\") % 2, //odd number\r\n\tif((True \u0026\u0026 getSecond(now())%2), 99, tag({view.params.Path}+{view.params.Tag}+\"/Val_NotifyAll\")), //show gray every other second\r\n\t\ttag({view.params.Path}+{view.params.Tag}+\"/Val_NotifyAll\")) //show solid color if not odd"
              },
              "transforms": [
                {
                  "fallback": "#ffc0ff",
                  "inputType": "scalar",
                  "mappings": [
                    {
                      "input": 0,
                      "output": "#00000000"
                    },
                    {
                      "input": 1,
                      "output": "#ffffff"
                    },
                    {
                      "input": 2,
                      "output": "#916aad"
                    },
                    {
                      "input": 3,
                      "output": "#916aad"
                    },
                    {
                      "input": 4,
                      "output": "#f5e11b"
                    },
                    {
                      "input": 5,
                      "output": "#f5e11b"
                    },
                    {
                      "input": 6,
                      "output": "#ec8629"
                    },
                    {
                      "input": 7,
                      "output": "#ec8629"
                    },
                    {
                      "input": 8,
                      "output": "#e22028"
                    },
                    {
                      "input": 9,
                      "output": "#e22028"
                    },
                    {
                      "input": 99,
                      "output": "#e0e0e0"
                    }
                  ],
                  "outputType": "scalar",
                  "type": "map"
                }
              ],
              "type": "expr"
            }
          }
        },
        "props": {
          "elements": [
            {
              "id": "defs1",
              "name": "defs1",
              "type": "defs"
            },
            {
              "elements": [
                {
                  "d": "M 7.3555684,0 H 116.64443 A 7.3555684,7.3555684 45 0 1 124,7.3555684 l 0,52.2888636 A 7.3555684,7.3555684 135 0 1 116.64443,67 H 7.3555684 A 7.3555684,7.3555684 45 0 1 0,59.644432 V 7.3555684 A 7.3555684,7.3555684 135 0 1 7.3555684,0 Z",
                  "fill": {
                    "paint": "transparent"
                  },
                  "id": "rect5",
                  "name": "rect5",
                  "stroke": {
                    "linecap": "round",
                    "linejoin": "round",
                    "width": "2.04701"
                  },
                  "transform": "matrix(0.26028648,0,0,0.25673932,0.26640483,0.26277429)",
                  "type": "path"
                }
              ],
              "id": "layer1",
              "name": "layer1",
              "type": "group"
            }
          ],
          "viewBox": "0 0 32.808332 17.727083"
        },
        "type": "ia.shapes.svg"
      },
      {
        "meta": {
          "name": "msi_AlarmIndicator"
        },
        "position": {
          "height": 18,
          "width": 16,
          "x": 4
        },
        "propConfig": {
          "meta.visible": {
            "binding": {
              "config": {
                "expression": "//If (({#102.Val_NotifyAll} \u003d 0) and {#102.Sts_AlmInh}) then\r\n//   10\r\n//else\r\n//   {#102.Val_NotifyAll}\r\n//Blinking handled in the visible property for states 1,3,5,7,9\r\n\r\n!(if((tag({view.params.Path}+{view.params.Tag}+\"/Val_NotifyAll\") \u003d 0) \u0026\u0026 tag({view.params.Path}+{view.params.Tag}+\"/Sts_AlmInh\"),\r\n\tfalse,\r\n\tgetBit(tag({view.params.Path}+{view.params.Tag}+\"/Val_NotifyAll\"),0) \u0026\u0026 GetSecond(now())%2\r\n))\r\n"
              },
              "type": "expr"
            }
          },
          "props.source": {
            "binding": {
              "config": {
                "expression": "//If (({#102.Val_NotifyAll} \u003d 0) and {#102.Sts_AlmInh}) then\r\n//   10\r\n//else\r\n//   {#102.Val_NotifyAll}\r\n//Blinking handled in the visible property for states 1,3,5,7,9\r\n\r\nif((tag({view.params.Path}+{view.params.Tag}+\"/Val_NotifyAll\") \u003d 0) \u0026\u0026 tag({view.params.Path}+{view.params.Tag}+\"/Sts_AlmInh\"),\r\n\t10,\r\n\ttag({view.params.Path}+{view.params.Tag}+\"/Val_NotifyAll\"))"
              },
              "transforms": [
                {
                  "fallback": null,
                  "inputType": "scalar",
                  "mappings": [
                    {
                      "input": 0,
                      "output": null
                    },
                    {
                      "input": 1,
                      "output": "/system/images/PAX/Alm_AckReqd.svg"
                    },
                    {
                      "input": 2,
                      "output": "/system/images/PAX/Alm_PriorityLo.svg"
                    },
                    {
                      "input": 3,
                      "output": "/system/images/PAX/Alm_PriorityLo.svg"
                    },
                    {
                      "input": 4,
                      "output": "/system/images/PAX/Alm_PriorityMed.svg"
                    },
                    {
                      "input": 5,
                      "output": "/system/images/PAX/Alm_PriorityMed.svg"
                    },
                    {
                      "input": 6,
                      "output": "/system/images/PAX/Alm_PriorityHi.svg"
                    },
                    {
                      "input": 7,
                      "output": "/system/images/PAX/Alm_PriorityHi.svg"
                    },
                    {
                      "input": 8,
                      "output": "/system/images/PAX/Alm_PriorityUrg.svg"
                    },
                    {
                      "input": 9,
                      "output": "/system/images/PAX/Alm_PriorityUrg.svg"
                    },
                    {
                      "input": 10,
                      "output": "/system/images/PAX/Alm_Inhibit.svg"
                    }
                  ],
                  "outputType": "scalar",
                  "type": "map"
                }
              ],
              "type": "expr"
            }
          }
        },
        "props": {
          "fit": {
            "height": 95,
            "width": 95
          }
        },
        "type": "ia.display.image"
      },
      {
        "meta": {
          "name": "msi_Exceptions"
        },
        "position": {
          "height": 18,
          "width": 16,
          "x": 21,
          "y": 24
        },
        "propConfig": {
          "props.source": {
            "binding": {
              "config": {
                "expression": "//if ({#102.Sts_Err}) then 4\r\n//else if {#102.SrcQ.5} then 3\r\n//else if {#102.SrcQ.4} then 2\r\n//else if {#102.SrcQ.3} then 1\r\n//else 0\r\n\r\nif(tag({view.params.Path}+{view.params.Tag}+\"/Sts_Err\"), 4,\r\n\tif(getBit(tag({view.params.Path}+{view.params.Tag}+\"/SrcQ\"),5),3,\r\n\t\tif(getBit(tag({view.params.Path}+{view.params.Tag}+\"/SrcQ\"),4),2,\r\n\t\t\tif(getBit(tag({view.params.Path}+{view.params.Tag}+\"/SrcQ\"),3),1,\r\n\t\t\t0)\r\n\t\t)\r\n\t)\r\n)"
              },
              "transforms": [
                {
                  "fallback": null,
                  "inputType": "scalar",
                  "mappings": [
                    {
                      "input": 0,
                      "output": null
                    },
                    {
                      "input": 1,
                      "output": "/system/images/PAX/Sts_Simulated.svg"
                    },
                    {
                      "input": 2,
                      "output": "/system/images/PAX/Sts_CommUncertain.svg"
                    },
                    {
                      "input": 3,
                      "output": "/system/images/PAX/Sts_CommBad.svg"
                    },
                    {
                      "input": 4,
                      "output": "/system/images/PAX/Alm_PriorityMed.svg"
                    }
                  ],
                  "outputType": "scalar",
                  "type": "map"
                }
              ],
              "type": "expr"
            }
          }
        },
        "props": {
          "fit": {
            "height": 95,
            "width": 95
          }
        },
        "type": "ia.display.image"
      },
      {
        "meta": {
          "name": "godsLabel"
        },
        "position": {
          "height": 16,
          "width": 130,
          "x": 5,
          "y": 53
        },
        "propConfig": {
          "props.text": {
            "binding": {
              "config": {
                "expression": "tag({view.params.Path}+{view.params.Tag}+\"/Cfg_Label\")"
              },
              "type": "expr"
            }
          }
        },
        "props": {
          "textStyle": {
            "classes": "PAX/godsLabel"
          }
        },
        "type": "ia.display.label"
      },
      {
        "meta": {
          "name": "msi_CmdSrcExceptions"
        },
        "position": {
          "height": 18,
          "width": 16,
          "x": 24,
          "y": 41
        },
        "propConfig": {
          "props.source": {
            "binding": {
              "config": {
                "expression": "//If ( {#102.Sts_OoS} ) then 2\r\n//else if ( {#102.CmdSrc.Sts_Normal} ) then 0\r\n//else 1\r\n\r\nif(tag({view.params.Path}+{view.params.Tag}+\"/Sts_OoS\"), 2,\r\n\tif(tag({view.params.Path}+{view.params.Tag}+\"/Sts_Normal\"),0,1)\r\n)\r\n"
              },
              "transforms": [
                {
                  "fallback": null,
                  "inputType": "scalar",
                  "mappings": [
                    {
                      "input": 0,
                      "output": null
                    },
                    {
                      "input": 1,
                      "output": "/system/images/PAX/Sts_BC_CmdSrcNotNorm.svg"
                    },
                    {
                      "input": 2,
                      "output": "/system/images/PAX/Sts_CmdSrcOoS.svg"
                    }
                  ],
                  "outputType": "scalar",
                  "type": "map"
                }
              ],
              "type": "expr"
            }
          }
        },
        "props": {
          "fit": {
            "height": 95,
            "width": 95
          }
        },
        "type": "ia.display.image"
      },
      {
        "meta": {
          "name": "Image_NotReady"
        },
        "position": {
          "height": 18,
          "width": 16,
          "x": 104,
          "y": 21
        },
        "propConfig": {
          "meta.visible": {
            "binding": {
              "config": {
                "expression": "tag({view.params.Path}+{view.params.Tag}+\"/Sts_NotRdy\")"
              },
              "type": "expr"
            }
          }
        },
        "props": {
          "source": "/system/images/PAX/Sts_NotReady.svg"
        },
        "type": "ia.display.image"
      },
      {
        "meta": {
          "name": "Image_MaintBypass"
        },
        "position": {
          "height": 18,
          "width": 16,
          "x": 104,
          "y": 41
        },
        "propConfig": {
          "meta.visible": {
            "binding": {
              "config": {
                "expression": "tag({view.params.Path}+{view.params.Tag}+\"/Sts_MaintByp\")"
              },
              "type": "expr"
            }
          }
        },
        "props": {
          "source": "/system/images/PAX/Sts_BC_MaintByp.svg"
        },
        "type": "ia.display.image"
      },
      {
        "meta": {
          "name": "Motor_MSI_Status"
        },
        "position": {
          "height": 16,
          "width": 130,
          "x": 5
        },
        "propConfig": {
          "props.text": {
            "binding": {
              "config": {
                "expression": "tag({view.params.Path}+{view.params.Tag}+\"/Val_Sts\")\r\n"
              },
              "transforms": [
                {
                  "fallback": "Error",
                  "inputType": "scalar",
                  "mappings": [
                    {
                      "input": 0,
                      "output": "Unknown"
                    },
                    {
                      "input": 1,
                      "output": "Stopped"
                    },
                    {
                      "input": 2,
                      "output": "Running"
                    },
                    {
                      "input": 5,
                      "output": "Starting"
                    },
                    {
                      "input": 8,
                      "output": "Jogging"
                    },
                    {
                      "input": 10,
                      "output": "Stopping"
                    },
                    {
                      "input": 14,
                      "output": "Horn"
                    }
                  ],
                  "outputType": "scalar",
                  "type": "map"
                }
              ],
              "type": "expr"
            }
          }
        },
        "props": {
          "textStyle": {
            "classes": "PAX/godsLabel"
          }
        },
        "type": "ia.display.label"
      },
      {
        "meta": {
          "name": "Motor_Group"
        },
        "position": {
          "height": 35,
          "width": 59,
          "x": 41,
          "y": 21
        },
        "propConfig": {
          "props.style.classes": {
            "binding": {
              "config": {
                "expression": "tag({view.params.Path}+{view.params.Tag}+\"/Val_Sts\")"
              },
              "transforms": [
                {
                  "fallback": "PAX/FaceplateColors/background-bad-quality",
                  "inputType": "range",
                  "mappings": [
                    {
                      "input": {
                        "max": 1,
                        "min": 0
                      },
                      "output": "PAX/FaceplateColors/background-starting-stopping PAX/FaceplateColors/background-stopped-closed"
                    },
                    {
                      "input": {
                        "max": 2,
                        "min": 1
                      },
                      "output": "PAX/FaceplateColors/background-stopped-closed"
                    },
                    {
                      "input": {
                        "max": 4,
                        "min": 2
                      },
                      "output": "PAX/FaceplateColors/background-running-open"
                    },
                    {
                      "input": {
                        "max": 10,
                        "min": 5
                      },
                      "output": "PAX/FaceplateColors/background-starting-stopping"
                    },
                    {
                      "input": {
                        "max": 14,
                        "min": 14
                      },
                      "output": "PAX/FaceplateColors/background-starting-stopping"
                    }
                  ],
                  "outputType": "style-list",
                  "type": "map"
                }
              ],
              "type": "expr"
            }
          }
        },
        "props": {
          "elements": [
            {
              "id": "defs1",
              "name": "defs1",
              "type": "defs"
            },
            {
              "elements": [
                {
                  "d": "M 7.7198534,0.92111886 H 46.80161 V 32.940967 H 7.7198534 Z",
                  "id": "rect1",
                  "name": "rect1",
                  "stroke": {
                    "paint": "#000000",
                    "width": "2.0417"
                  },
                  "transform": "matrix(0.25735512,0,0,0.23303401,0.12806121,0.02324139)",
                  "type": "path"
                },
                {
                  "d": "M 5.776548,0.89912468 H 7.9929639 V 29.081038 H 5.776548 A 4.6799779,4.6799779 45 0 1 1.0965701,24.40106 V 5.5791026 A 4.6799779,4.6799779 135 0 1 5.776548,0.89912468 Z",
                  "id": "rect2",
                  "name": "rect2",
                  "stroke": {
                    "paint": "#000000",
                    "width": "2.13643"
                  },
                  "transform": "matrix(0.23433051,0,0,0.26180519,0.25793886,0.04426889)",
                  "type": "path"
                },
                {
                  "d": "m 12.605073,0.92111887 v 0 H 41.91639 v 0 L 46.80161,5.9487322 H 7.7198534 Z",
                  "id": "path2",
                  "name": "path2",
                  "stroke": {
                    "dasharray": "none",
                    "linejoin": "round",
                    "paint": "#000000",
                    "width": "2.04170947"
                  },
                  "transform": "matrix(0.25735512,0,0,0.23303401,0.12806121,7.484955)",
                  "type": "path"
                },
                {
                  "d": "M 5.776548,0.89912468 H 7.9929639 V 29.081038 H 5.776548 A 4.6799779,4.6799779 45 0 1 1.0965701,24.40106 V 5.5791026 A 4.6799779,4.6799779 135 0 1 5.776548,0.89912468 Z",
                  "id": "path3",
                  "name": "path3",
                  "stroke": {
                    "paint": "#000000",
                    "width": "2.13643"
                  },
                  "transform": "matrix(-0.23433051,0,0,0.26180519,14.04569,0.04426889)",
                  "type": "path"
                },
                {
                  "d": "m 52.114886,15 h 4.950621",
                  "fill": {
                    "paint": "#FF8AFF"
                  },
                  "id": "path4",
                  "name": "path4",
                  "stroke": {
                    "linecap": "butt",
                    "linejoin": "miter",
                    "opacity": "1",
                    "paint": "#000000",
                    "width": "1.98025"
                  },
                  "transform": "matrix(0.26722237,0,0,0.26722237,-0.16793002,-0.03958557)",
                  "type": "path"
                },
                {
                  "d": "M 57,8.2900698 V 19.957575",
                  "fill": {
                    "paint": "transparent"
                  },
                  "id": "path5",
                  "name": "path5",
                  "stroke": {
                    "linecap": "round",
                    "linejoin": "miter",
                    "opacity": "1",
                    "paint": "#000000",
                    "width": "2.91687"
                  },
                  "transform": "matrix(0.18141553,0,0,0.18141553,4.7405648,1.4064693)",
                  "type": "path"
                }
              ],
              "id": "layer1",
              "name": "layer1",
              "type": "group"
            }
          ],
          "style": {},
          "viewBox": "0 0 15.610416 9.2604166"
        },
        "type": "ia.shapes.svg"
      },
      {
        "events": {
          "dom": {
            "onClick": {
              "config": {
                "script": "\tPAX.Macros.NavToFaceplate(system.perspective, self, event, self.view.params.Path, self.view.params.Tag)\n"
              },
              "scope": "G",
              "type": "script"
            }
          }
        },
        "meta": {
          "name": "godsBtnFaceplate"
        },
        "position": {
          "height": 63,
          "width": 120,
          "x": 11,
          "y": 7
        },
        "props": {
          "style": {
            "backgroundColor": "#ffffff00",
            "borderStyle": "none"
          },
          "text": ""
        },
        "type": "ia.input.button"
      }
    ],
    "meta": {
      "name": "root"
    },
    "type": "ia.container.coord"
  }
}