{
  "custom": {},
  "params": {
    "Message": "Device Failure",
    "Path": "[default]",
    "Tag": "AGT_001",
    "VisibleTag": "NRdy_Fail"
  },
  "propConfig": {
    "params.Message": {
      "paramDirection": "input",
      "persistent": true
    },
    "params.Path": {
      "paramDirection": "input",
      "persistent": true
    },
    "params.Tag": {
      "paramDirection": "input",
      "persistent": true
    },
    "params.VisibleTag": {
      "paramDirection": "input",
      "persistent": true
    }
  },
  "props": {
    "defaultSize": {
      "height": 18,
      "width": 387
    }
  },
  "root": {
    "children": [
      {
        "meta": {
          "name": "NRdy_Reason"
        },
        "position": {
          "height": 18,
          "width": 300
        },
        "propConfig": {
          "props.text": {
            "binding": {
              "config": {
                "path": "view.params.Message"
              },
              "type": "property"
            }
          }
        },
        "props": {
          "textStyle": {
            "classes": "PAX/FaceplateText/GO_Notice_NRdy"
          }
        },
        "type": "ia.display.label"
      }
    ],
    "meta": {
      "name": "root"
    },
    "propConfig": {
      "meta.visible": {
        "binding": {
          "config": {
            "expression": "tag({view.params.Path}+{view.params.Tag}+\"/\"+{view.params.VisibleTag})"
          },
          "type": "expr"
        }
      }
    },
    "props": {
      "style": {
        "classes": "PAX/FaceplateColors/GO_Notice_NRdy"
      }
    },
    "type": "ia.container.coord"
  }
}