{
  "custom": {},
  "params": {
    "Path": "[default]",
    "Tag": "AGT_001"
  },
  "propConfig": {
    "params.Path": {
      "paramDirection": "input",
      "persistent": true
    },
    "params.Tag": {
      "paramDirection": "input",
      "persistent": true
    }
  },
  "props": {
    "defaultSize": {
      "height": 300,
      "width": 395
    }
  },
  "root": {
    "children": [
      {
        "children": [
          {
            "events": {
              "dom": {
                "onClick": {
                  "config": {
                    "script": "\tself.view.getChild(\"root\").custom.ActiveTab \u003d 0"
                  },
                  "scope": "G",
                  "type": "script"
                }
              }
            },
            "meta": {
              "name": "GO_TabButtonHome"
            },
            "position": {
              "height": 36,
              "width": 36,
              "x": 2
            },
            "props": {
              "image": {
                "height": 32,
                "position": "center",
                "source": "/system/images/PAX/Nav_Home.svg",
                "width": 32
              },
              "style": {
                "classes": "PAX/Buttons/btn-background"
              },
              "text": ""
            },
            "type": "ia.input.button"
          },
          {
            "events": {
              "dom": {
                "onClick": {
                  "config": {
                    "script": "\tself.view.getChild(\"root\").custom.ActiveTab \u003d 1"
                  },
                  "scope": "G",
                  "type": "script"
                }
              }
            },
            "meta": {
              "name": "GO_TabButtonMaintenance"
            },
            "position": {
              "height": 36,
              "width": 36,
              "x": 2,
              "y": 40
            },
            "props": {
              "image": {
                "height": 32,
                "position": "center",
                "source": "/system/images/PAX/Nav_Maint.svg",
                "width": 32
              },
              "style": {
                "classes": "PAX/Buttons/btn-background"
              },
              "text": ""
            },
            "type": "ia.input.button"
          },
          {
            "events": {
              "dom": {
                "onClick": {
                  "config": {
                    "script": "\t#{RALibrary\\HelpFilePath} + \"\\Help \" + {#2.HMI_Lib} + \" \" + {#2.HMI_Type} + \" \" + CurrentLanguage(  ) + \".pdf\"\n\tpass\n\t"
                  },
                  "scope": "G",
                  "type": "script"
                }
              }
            },
            "meta": {
              "name": "GO_ButtonHelp"
            },
            "position": {
              "height": 36,
              "width": 36,
              "x": 2,
              "y": 260
            },
            "props": {
              "image": {
                "height": 32,
                "position": "center",
                "source": "/system/images/PAX/Nav_Help.svg",
                "width": 32
              },
              "style": {
                "classes": "PAX/Buttons/btn-background"
              },
              "text": ""
            },
            "type": "ia.input.button"
          },
          {
            "events": {
              "dom": {
                "onClick": {
                  "config": {
                    "script": "\tself.view.getChild(\"root\").custom.ActiveTab \u003d 2"
                  },
                  "scope": "G",
                  "type": "script"
                }
              }
            },
            "meta": {
              "name": "GO_TabButton_Diagnostics"
            },
            "position": {
              "height": 36,
              "width": 36,
              "x": 2,
              "y": 80
            },
            "props": {
              "image": {
                "height": 32,
                "position": "center",
                "source": "/system/images/PAX/Nav_Diag.svg",
                "width": 32
              },
              "style": {
                "classes": "PAX/Buttons/btn-background"
              },
              "text": ""
            },
            "type": "ia.input.button"
          },
          {
            "events": {
              "dom": {
                "onClick": {
                  "config": {
                    "script": "\tself.view.getChild(\"root\").custom.ActiveTab \u003d 3"
                  },
                  "scope": "G",
                  "type": "script"
                }
              }
            },
            "meta": {
              "name": "GO_TabButtonAlarm"
            },
            "position": {
              "height": 36,
              "width": 36,
              "x": 2,
              "y": 120
            },
            "props": {
              "image": {
                "height": 32,
                "position": "center",
                "source": "/system/images/PAX/Nav_Alm.svg",
                "width": 32
              },
              "style": {
                "classes": "PAX/Buttons/btn-background"
              },
              "text": ""
            },
            "type": "ia.input.button"
          }
        ],
        "meta": {
          "name": "GroupControls"
        },
        "position": {
          "height": 296,
          "width": 40,
          "y": 2
        },
        "type": "ia.container.coord"
      },
      {
        "children": [
          {
            "meta": {
              "name": "StatusText_Ready"
            },
            "position": {
              "height": 16,
              "width": 38,
              "x": 5,
              "y": 2
            },
            "props": {
              "text": "Ready"
            },
            "type": "ia.display.label"
          },
          {
            "meta": {
              "name": "GO_StartButton"
            },
            "position": {
              "height": 40,
              "width": 40,
              "x": 260,
              "y": 205
            },
            "propConfig": {
              "props.params.Path": {
                "binding": {
                  "config": {
                    "path": "view.params.Path"
                  },
                  "type": "property"
                }
              },
              "props.params.Tag": {
                "binding": {
                  "config": {
                    "path": "view.params.Tag"
                  },
                  "type": "property"
                }
              }
            },
            "props": {
              "path": "PAX/GlobalObjects/(RA-BAS) Process Faceplate Motor Objects/GO_StartButton"
            },
            "type": "ia.display.view"
          },
          {
            "meta": {
              "name": "GO_StopButton"
            },
            "position": {
              "height": 40,
              "width": 40,
              "x": 210,
              "y": 205
            },
            "propConfig": {
              "props.params.Path": {
                "binding": {
                  "config": {
                    "path": "view.params.Path"
                  },
                  "type": "property"
                }
              },
              "props.params.Tag": {
                "binding": {
                  "config": {
                    "path": "view.params.Tag"
                  },
                  "type": "property"
                }
              }
            },
            "props": {
              "path": "PAX/GlobalObjects/(RA-BAS) Process Faceplate Motor Objects/GO_StopButton"
            },
            "type": "ia.display.view"
          },
          {
            "meta": {
              "name": "GO_InterlockButton"
            },
            "position": {
              "height": 40,
              "width": 40,
              "x": 210,
              "y": 255
            },
            "propConfig": {
              "props.params.Param102": {
                "binding": {
                  "config": {
                    "expression": "tag({view.params.Path}+{view.params.Tag}+\"/Inp_IntlkOk\")"
                  },
                  "type": "expr"
                }
              },
              "props.params.Param103": {
                "binding": {
                  "config": {
                    "expression": "tag({view.params.Path}+{view.params.Tag}+\"/Inp_NBIntlkOk\")"
                  },
                  "type": "expr"
                }
              },
              "props.params.Param104": {
                "binding": {
                  "config": {
                    "expression": "tag({view.params.Path}+{view.params.Tag}+\"/Sts_BypActive\")"
                  },
                  "type": "expr"
                }
              },
              "props.params.Param105": {
                "binding": {
                  "config": {
                    "expression": "tag({view.params.Path}+{view.params.Tag}+\"/Cfg_HasIntlkObj\")"
                  },
                  "type": "expr"
                }
              },
              "props.params.Param106": {
                "binding": {
                  "config": {
                    "expression": "{view.params.Tag}+\"_Intlk\""
                  },
                  "type": "expr"
                }
              },
              "props.params.Param107": {
                "binding": {
                  "config": {
                    "path": "view.params.Path"
                  },
                  "type": "property"
                }
              },
              "props.params.Path": {
                "binding": {
                  "config": {
                    "path": "view.params.Path"
                  },
                  "type": "property"
                }
              },
              "props.params.Tag": {
                "binding": {
                  "config": {
                    "path": "view.params.Tag"
                  },
                  "type": "property"
                }
              }
            },
            "props": {
              "path": "PAX/GlobalObjects/(RA-BAS) Process Interlock Objects/GO_InterlockButton"
            },
            "type": "ia.display.view"
          },
          {
            "meta": {
              "name": "GO_PermissiveButton"
            },
            "position": {
              "height": 40,
              "width": 40,
              "x": 260,
              "y": 255
            },
            "propConfig": {
              "props.params.Param102": {
                "binding": {
                  "config": {
                    "expression": "tag({view.params.Path}+{view.params.Tag}+\"/Inp_PermOk\")"
                  },
                  "type": "expr"
                }
              },
              "props.params.Param103": {
                "binding": {
                  "config": {
                    "expression": "tag({view.params.Path}+{view.params.Tag}+\"/Inp_NBPermOk\")"
                  },
                  "type": "expr"
                }
              },
              "props.params.Param104": {
                "binding": {
                  "config": {
                    "expression": "tag({view.params.Path}+{view.params.Tag}+\"/Sts_BypActive\")"
                  },
                  "type": "expr"
                }
              },
              "props.params.Param105": {
                "binding": {
                  "config": {
                    "expression": "tag({view.params.Path}+{view.params.Tag}+\"/Cfg_HasPermObj\")"
                  },
                  "type": "expr"
                }
              },
              "props.params.Param106": {
                "binding": {
                  "config": {
                    "expression": "{view.params.Tag}+\"_Perm\""
                  },
                  "type": "expr"
                }
              },
              "props.params.Param107": {
                "binding": {
                  "config": {
                    "path": "view.params.Path"
                  },
                  "type": "property"
                }
              },
              "props.params.Path": {
                "binding": {
                  "config": {
                    "path": "view.params.Path"
                  },
                  "type": "property"
                }
              },
              "props.params.Tag": {
                "binding": {
                  "config": {
                    "path": "view.params.Tag"
                  },
                  "type": "property"
                }
              }
            },
            "props": {
              "path": "PAX/GlobalObjects/(RA-BAS) Process Interlock Objects/GO_PermissiveButton"
            },
            "type": "ia.display.view"
          },
          {
            "meta": {
              "name": "GO_CmdSrcDisplayWithNav"
            },
            "position": {
              "height": 45,
              "width": 145,
              "x": 10,
              "y": 250
            },
            "propConfig": {
              "props.params.Path": {
                "binding": {
                  "config": {
                    "path": "view.params.Path"
                  },
                  "type": "property"
                }
              },
              "props.params.Tag": {
                "binding": {
                  "config": {
                    "path": "view.params.Tag"
                  },
                  "type": "property"
                }
              }
            },
            "props": {
              "path": "PAX/GlobalObjects/(RA-BAS) Process Command Source Objects/GO_CmdSrcDisplayWithNav"
            },
            "type": "ia.display.view"
          },
          {
            "meta": {
              "name": "GO_JogButton"
            },
            "position": {
              "height": 40,
              "width": 40,
              "x": 310,
              "y": 205
            },
            "propConfig": {
              "props.params.Path": {
                "binding": {
                  "config": {
                    "path": "view.params.Path"
                  },
                  "type": "property"
                }
              },
              "props.params.Tag": {
                "binding": {
                  "config": {
                    "path": "view.params.Tag"
                  },
                  "type": "property"
                }
              }
            },
            "props": {
              "path": "PAX/GlobalObjects/(RA-BAS) Process Faceplate Motor Objects/GO_JogButton"
            },
            "type": "ia.display.view"
          },
          {
            "meta": {
              "name": "GO_AlarmNotifyIOFault"
            },
            "position": {
              "height": 20,
              "width": 346,
              "x": 5
            },
            "propConfig": {
              "props.params.Path": {
                "binding": {
                  "config": {
                    "path": "view.params.Path"
                  },
                  "type": "property"
                }
              },
              "props.params.Tag": {
                "binding": {
                  "config": {
                    "path": "view.params.Tag"
                  },
                  "type": "property"
                }
              }
            },
            "props": {
              "params": {
                "Param102": "IOFault"
              },
              "path": "PAX/GlobalObjects/(RA-BAS) Process Alarm Objects/GO_AlarmNotify"
            },
            "type": "ia.display.view"
          },
          {
            "meta": {
              "name": "GO_AlarmNotifyIntlkTrip"
            },
            "position": {
              "height": 20,
              "width": 346,
              "x": 5
            },
            "propConfig": {
              "props.params.Path": {
                "binding": {
                  "config": {
                    "path": "view.params.Path"
                  },
                  "type": "property"
                }
              },
              "props.params.Tag": {
                "binding": {
                  "config": {
                    "path": "view.params.Tag"
                  },
                  "type": "property"
                }
              }
            },
            "props": {
              "params": {
                "Param102": "IntlkTrip"
              },
              "path": "PAX/GlobalObjects/(RA-BAS) Process Alarm Objects/GO_AlarmNotify"
            },
            "type": "ia.display.view"
          },
          {
            "meta": {
              "name": "GO_AlarmNotifyFailToStop"
            },
            "position": {
              "height": 20,
              "width": 346,
              "x": 5
            },
            "propConfig": {
              "props.params.Path": {
                "binding": {
                  "config": {
                    "path": "view.params.Path"
                  },
                  "type": "property"
                }
              },
              "props.params.Tag": {
                "binding": {
                  "config": {
                    "path": "view.params.Tag"
                  },
                  "type": "property"
                }
              }
            },
            "props": {
              "params": {
                "Param102": "FailToStop"
              },
              "path": "PAX/GlobalObjects/(RA-BAS) Process Alarm Objects/GO_AlarmNotify"
            },
            "type": "ia.display.view"
          },
          {
            "meta": {
              "name": "GO_AlarmNotifyFailToStart"
            },
            "position": {
              "height": 20,
              "width": 346,
              "x": 5
            },
            "propConfig": {
              "props.params.Path": {
                "binding": {
                  "config": {
                    "path": "view.params.Path"
                  },
                  "type": "property"
                }
              },
              "props.params.Tag": {
                "binding": {
                  "config": {
                    "path": "view.params.Tag"
                  },
                  "type": "property"
                }
              }
            },
            "props": {
              "params": {
                "Param102": "FailToStart"
              },
              "path": "PAX/GlobalObjects/(RA-BAS) Process Alarm Objects/GO_AlarmNotify"
            },
            "type": "ia.display.view"
          },
          {
            "meta": {
              "name": "GO_Notice_NRdy_PrioStop"
            },
            "position": {
              "height": 21,
              "width": 345,
              "x": 5
            },
            "propConfig": {
              "props.params.Path": {
                "binding": {
                  "config": {
                    "path": "view.params.Path"
                  },
                  "type": "property"
                }
              },
              "props.params.Tag": {
                "binding": {
                  "config": {
                    "path": "view.params.Tag"
                  },
                  "type": "property"
                }
              }
            },
            "props": {
              "params": {
                "Message": "Operator or External priority \u0027Stop\u0027",
                "VisibleTag": "NRdy_PrioStop"
              },
              "path": "PAX/GlobalObjects/(RA-BAS) Process Diagnostic Objects/GO_Notice_xxx"
            },
            "type": "ia.display.view"
          },
          {
            "meta": {
              "name": "GO_Notice_NRdy_Fail"
            },
            "position": {
              "height": 21,
              "width": 345,
              "x": 5
            },
            "propConfig": {
              "props.params.Path": {
                "binding": {
                  "config": {
                    "path": "view.params.Path"
                  },
                  "type": "property"
                }
              },
              "props.params.Tag": {
                "binding": {
                  "config": {
                    "path": "view.params.Tag"
                  },
                  "type": "property"
                }
              }
            },
            "props": {
              "params": {
                "Message": "Device Failure",
                "VisibleTag": "NRdy_Fail"
              },
              "path": "PAX/GlobalObjects/(RA-BAS) Process Diagnostic Objects/GO_Notice_xxx"
            },
            "type": "ia.display.view"
          },
          {
            "meta": {
              "name": "GO_Notice_NRdy_Perm"
            },
            "position": {
              "height": 21,
              "width": 345,
              "x": 5
            },
            "propConfig": {
              "props.params.Path": {
                "binding": {
                  "config": {
                    "path": "view.params.Path"
                  },
                  "type": "property"
                }
              },
              "props.params.Tag": {
                "binding": {
                  "config": {
                    "path": "view.params.Tag"
                  },
                  "type": "property"
                }
              }
            },
            "props": {
              "params": {
                "Message": "Permissives Not OK",
                "VisibleTag": "NRdy_Perm"
              },
              "path": "PAX/GlobalObjects/(RA-BAS) Process Diagnostic Objects/GO_Notice_xxx"
            },
            "type": "ia.display.view"
          },
          {
            "meta": {
              "name": "GO_Notice_NRdy_Intlk"
            },
            "position": {
              "height": 21,
              "width": 345,
              "x": 5
            },
            "propConfig": {
              "props.params.Path": {
                "binding": {
                  "config": {
                    "path": "view.params.Path"
                  },
                  "type": "property"
                }
              }
            },
            "props": {
              "params": {
                "Message": "Interlocks Not OK",
                "Tag": "AGT_001",
                "VisibleTag": "NRdy_Intlk"
              },
              "path": "PAX/GlobalObjects/(RA-BAS) Process Diagnostic Objects/GO_Notice_xxx"
            },
            "type": "ia.display.view"
          },
          {
            "meta": {
              "name": "GO_Notice_NRdy_IOFault"
            },
            "position": {
              "height": 21,
              "width": 345,
              "x": 5
            },
            "propConfig": {
              "props.params.Path": {
                "binding": {
                  "config": {
                    "path": "view.params.Path"
                  },
                  "type": "property"
                }
              },
              "props.params.Tag": {
                "binding": {
                  "config": {
                    "path": "view.params.Tag"
                  },
                  "type": "property"
                }
              }
            },
            "props": {
              "params": {
                "Message": "I/O Fault",
                "VisibleTag": "NRdy_IOFault"
              },
              "path": "PAX/GlobalObjects/(RA-BAS) Process Diagnostic Objects/GO_Notice_xxx"
            },
            "type": "ia.display.view"
          },
          {
            "meta": {
              "name": "GO_Notice_NRdy_OoS"
            },
            "position": {
              "height": 21,
              "width": 345,
              "x": 5
            },
            "propConfig": {
              "props.params.Path": {
                "binding": {
                  "config": {
                    "path": "view.params.Path"
                  },
                  "type": "property"
                }
              },
              "props.params.Tag": {
                "binding": {
                  "config": {
                    "path": "view.params.Tag"
                  },
                  "type": "property"
                }
              }
            },
            "props": {
              "params": {
                "Message": "Device Out of Service",
                "VisibleTag": "NRdy_OoS"
              },
              "path": "PAX/GlobalObjects/(RA-BAS) Process Diagnostic Objects/GO_Notice_xxx"
            },
            "type": "ia.display.view"
          },
          {
            "meta": {
              "name": "GO_Notice_NRdy_CfgErr"
            },
            "position": {
              "height": 21,
              "width": 345,
              "x": 5
            },
            "propConfig": {
              "props.params.Path": {
                "binding": {
                  "config": {
                    "path": "view.params.Path"
                  },
                  "type": "property"
                }
              },
              "props.params.Tag": {
                "binding": {
                  "config": {
                    "path": "view.params.Tag"
                  },
                  "type": "property"
                }
              }
            },
            "props": {
              "params": {
                "Message": "Configuration Error",
                "VisibleTag": "NRdy_CfgErr"
              },
              "path": "PAX/GlobalObjects/(RA-BAS) Process Diagnostic Objects/GO_Notice_xxx"
            },
            "type": "ia.display.view"
          },
          {
            "meta": {
              "name": "GO_ResetAckAllButtonWith2Nav"
            },
            "position": {
              "height": 40,
              "width": 40,
              "x": 310,
              "y": 5
            },
            "propConfig": {
              "props.params.Path": {
                "binding": {
                  "config": {
                    "path": "view.params.Path"
                  },
                  "type": "property"
                }
              },
              "props.params.Tag": {
                "binding": {
                  "config": {
                    "path": "view.params.Tag"
                  },
                  "type": "property"
                }
              }
            },
            "props": {
              "path": "PAX/GlobalObjects/(RA-BAS) Process Alarm Objects/GO_ResetAckAllButtonWith2Nav"
            },
            "type": "ia.display.view"
          },
          {
            "meta": {
              "name": "GO_CommStatus"
            },
            "position": {
              "height": 20,
              "width": 345,
              "x": 5,
              "y": 2
            },
            "propConfig": {
              "props.params.Path": {
                "binding": {
                  "config": {
                    "path": "view.params.Path"
                  },
                  "type": "property"
                }
              },
              "props.params.Tag": {
                "binding": {
                  "config": {
                    "path": "view.params.Tag"
                  },
                  "type": "property"
                }
              }
            },
            "props": {
              "path": "PAX/GlobalObjects/(RA-BAS) Process Faceplate Common Objects/GO_CommStatus"
            },
            "type": "ia.display.view"
          },
          {
            "meta": {
              "name": "GO_Val_Sts_Motor"
            },
            "position": {
              "height": 20,
              "width": 190,
              "x": 10,
              "y": 30
            },
            "propConfig": {
              "props.params.Path": {
                "binding": {
                  "config": {
                    "path": "view.params.Path"
                  },
                  "type": "property"
                }
              },
              "props.params.Tag": {
                "binding": {
                  "config": {
                    "path": "view.params.Tag"
                  },
                  "type": "property"
                }
              }
            },
            "props": {
              "path": "PAX/GlobalObjects/(RA-BAS) Process Faceplate Motor Objects/GO_Val_Sts_Motor"
            },
            "type": "ia.display.view"
          }
        ],
        "meta": {
          "name": "TabContainer_0"
        },
        "position": {
          "height": 300,
          "width": 355,
          "x": 40
        },
        "propConfig": {
          "meta.visible": {
            "binding": {
              "config": {
                "expression": "{parent.custom.ActiveTab} \u003d 0"
              },
              "type": "expr"
            }
          }
        },
        "type": "ia.container.coord"
      },
      {
        "children": [
          {
            "meta": {
              "name": "Placeholder"
            },
            "position": {
              "height": 16,
              "width": 259,
              "x": 50,
              "y": 150
            },
            "props": {
              "text": "Tab 1 - Not Complete"
            },
            "type": "ia.display.label"
          },
          {
            "events": {
              "dom": {
                "onCompositionEnd": {
                  "config": {
                    "script": "\tsystem.tag.writeBlocking([\"ScriptTest\"], [self.props.text])"
                  },
                  "scope": "G",
                  "type": "script"
                }
              }
            },
            "meta": {
              "name": "Input-Cfg_Tag"
            },
            "position": {
              "height": 20,
              "width": 200,
              "x": 100,
              "y": 10
            },
            "propConfig": {
              "props.text": {
                "binding": {
                  "config": {
                    "fallbackDelay": 2.5,
                    "mode": "expression",
                    "tagPath": "{view.params.Path}+{view.params.Tag}+\"/Cfg_Tag\""
                  },
                  "type": "tag"
                },
                "onChange": {
                  "enabled": null,
                  "script": "\tif origin \u003d\u003d \"Browser\":\n\t\tsystem.tag.writeBlocking([self.view.params.Path+self.view.params.Tag+\"/Cfg_Tag\"], [currentValue])"
                }
              }
            },
            "props": {
              "spellcheck": false
            },
            "type": "ia.input.text-field"
          },
          {
            "meta": {
              "name": "Label-Cfg_Tag"
            },
            "position": {
              "height": 20,
              "width": 80,
              "x": 10,
              "y": 10
            },
            "props": {
              "text": "Cfg_Tag:"
            },
            "type": "ia.display.label"
          },
          {
            "meta": {
              "name": "Label-Cfg_Label"
            },
            "position": {
              "height": 20,
              "width": 80,
              "x": 10,
              "y": 40
            },
            "props": {
              "text": "Cfg_Label:"
            },
            "type": "ia.display.label"
          },
          {
            "events": {
              "dom": {
                "onCompositionEnd": {
                  "config": {
                    "script": "\tsystem.tag.writeBlocking([\"ScriptTest\"], [self.props.text])"
                  },
                  "scope": "G",
                  "type": "script"
                }
              }
            },
            "meta": {
              "name": "Input-Cfg_Label"
            },
            "position": {
              "height": 20,
              "width": 200,
              "x": 100,
              "y": 40
            },
            "propConfig": {
              "props.text": {
                "binding": {
                  "config": {
                    "fallbackDelay": 2.5,
                    "mode": "expression",
                    "tagPath": "{view.params.Path}+{view.params.Tag}+\"/Cfg_Label\""
                  },
                  "type": "tag"
                },
                "onChange": {
                  "enabled": null,
                  "script": "\tif origin \u003d\u003d \"Browser\":\n\t\tsystem.tag.writeBlocking([self.view.params.Path+self.view.params.Tag+\"/Cfg_Label\"], [currentValue])"
                }
              }
            },
            "props": {
              "spellcheck": false
            },
            "type": "ia.input.text-field"
          },
          {
            "meta": {
              "name": "Label-Cfg_Desc"
            },
            "position": {
              "height": 20,
              "width": 80,
              "x": 10,
              "y": 70
            },
            "props": {
              "text": "Cfg_Desc:"
            },
            "type": "ia.display.label"
          },
          {
            "events": {
              "dom": {
                "onCompositionEnd": {
                  "config": {
                    "script": "\tsystem.tag.writeBlocking([\"ScriptTest\"], [self.props.text])"
                  },
                  "scope": "G",
                  "type": "script"
                }
              }
            },
            "meta": {
              "name": "Input-Cfg_Desc"
            },
            "position": {
              "height": 20,
              "width": 200,
              "x": 100,
              "y": 70
            },
            "propConfig": {
              "props.text": {
                "binding": {
                  "config": {
                    "fallbackDelay": 2.5,
                    "mode": "expression",
                    "tagPath": "{view.params.Path}+{view.params.Tag}+\"/Cfg_Desc\""
                  },
                  "type": "tag"
                },
                "onChange": {
                  "enabled": null,
                  "script": "\tif origin \u003d\u003d \"Browser\":\n\t\tsystem.tag.writeBlocking([self.view.params.Path+self.view.params.Tag+\"/Cfg_Desc\"], [currentValue])"
                }
              }
            },
            "props": {
              "spellcheck": false
            },
            "type": "ia.input.text-field"
          }
        ],
        "meta": {
          "name": "TabContainer_1"
        },
        "position": {
          "height": 300,
          "width": 355,
          "x": 40
        },
        "propConfig": {
          "meta.visible": {
            "binding": {
              "config": {
                "expression": "{parent.custom.ActiveTab} \u003d 1"
              },
              "type": "expr"
            }
          }
        },
        "type": "ia.container.coord"
      },
      {
        "children": [
          {
            "meta": {
              "name": "Placeholder"
            },
            "position": {
              "height": 16,
              "width": 259,
              "x": 50,
              "y": 150
            },
            "props": {
              "text": "Tab 2 - Not Complete"
            },
            "type": "ia.display.label"
          }
        ],
        "meta": {
          "name": "TabContainer_2"
        },
        "position": {
          "height": 300,
          "width": 355,
          "x": 40
        },
        "propConfig": {
          "meta.visible": {
            "binding": {
              "config": {
                "expression": "{parent.custom.ActiveTab} \u003d 2"
              },
              "type": "expr"
            }
          }
        },
        "type": "ia.container.coord"
      },
      {
        "children": [
          {
            "meta": {
              "name": "Placeholder"
            },
            "position": {
              "height": 16,
              "width": 259,
              "x": 50,
              "y": 150
            },
            "props": {
              "text": "Tab 3 - Not Complete"
            },
            "type": "ia.display.label"
          }
        ],
        "meta": {
          "name": "TabContainer_3"
        },
        "position": {
          "height": 300,
          "width": 355,
          "x": 40
        },
        "propConfig": {
          "meta.visible": {
            "binding": {
              "config": {
                "expression": "{parent.custom.ActiveTab} \u003d 3"
              },
              "type": "expr"
            }
          }
        },
        "type": "ia.container.coord"
      }
    ],
    "custom": {
      "ActiveTab": 0
    },
    "meta": {
      "name": "root"
    },
    "position": {
      "x": 0,
      "y": 0
    },
    "props": {
      "style": {
        "classes": "PAX/PaxPopupWindow"
      }
    },
    "type": "ia.container.coord"
  }
}