{
  "custom": {},
  "params": {},
  "props": {
    "defaultSize": {
      "height": 16,
      "width": 16
    }
  },
  "root": {
    "children": [
      {
        "meta": {
          "name": "Alm_AckReqd"
        },
        "position": {
          "height": 16,
          "width": 16
        },
        "props": {
          "elements": [
            {
              "id": "defs2",
              "name": "defs2",
              "type": "defs"
            },
            {
              "elements": [
                {
                  "cx": "1.984375",
                  "cy": "296.47083",
                  "fill": {
                    "opacity": "1",
                    "paint": "#ffffff"
                  },
                  "id": "ringer",
                  "name": "ringer",
                  "r": "0.26458335",
                  "stroke": {
                    "dasharray": "none",
                    "linecap": "round",
                    "linejoin": "bevel",
                    "miterlimit": "1",
                    "opacity": "1",
                    "paint": "#000000",
                    "width": "0.5291667"
                  },
                  "style": {
                    "paintOrder": "stroke fill markers"
                  },
                  "type": "circle"
                },
                {
                  "d": "m 2.1166667,293.03095 c 0.1437449,2e-4 0.2878162,0.009 0.4297051,0.0328 0.2341302,0.041 0.5332058,0.12662 0.5892388,0.39258 0.00336,0.30874 0.00804,0.62089 0.073874,0.92457 0.040976,0.32439 0.3140771,0.53124 0.5298233,0.746 0.2277375,0.19872 0.2718319,0.51797 0.2521759,0.80345 -0.018031,0.14952 0.0059,0.39518 -0.2031644,0.40318 -0.556836,0.007 -1.1144923,0.003 -1.6716527,0.005 -0.5571604,-0.002 -1.1148167,0.002 -1.67165277,-0.005 -0.20906326,-0.008 -0.18513313,-0.25366 -0.20316435,-0.40318 -0.019656,-0.28548 0.0244384,-0.60473 0.25217584,-0.80345 0.21574626,-0.21476 0.48884742,-0.42161 0.52982328,-0.746 0.065834,-0.30368 0.07051,-0.61583 0.073874,-0.92457 0.056033,-0.26596 0.3551086,-0.35158 0.5892388,-0.39258 0.1418889,-0.0237 0.2859602,-0.0326 0.4297051,-0.0328",
                  "fill": {
                    "paint": "#ffffff"
                  },
                  "id": "body",
                  "name": "body",
                  "stroke": {
                    "dasharray": "none",
                    "linecap": "butt",
                    "linejoin": "miter",
                    "miterlimit": "1",
                    "opacity": "1",
                    "paint": "#000000",
                    "width": "0.26020622"
                  },
                  "transform": "matrix(1,0,0,1.0339264,0,-10.053687)",
                  "type": "path"
                }
              ],
              "id": "layer1",
              "name": "layer1",
              "transform": "translate(0,-292.76665)",
              "type": "group"
            }
          ],
          "viewBox": "0 0 4.2333332 4.2333335"
        },
        "type": "ia.shapes.svg"
      }
    ],
    "meta": {
      "name": "root"
    },
    "type": "ia.container.coord"
  }
}