{
  "custom": {},
  "params": {
    "Param102": "",
    "Param103": "",
    "Param104": "",
    "Param105": "",
    "Param106": "",
    "Param107": "",
    "Path": "[default]",
    "Tag": "AGT_001"
  },
  "propConfig": {
    "params.Param102": {
      "paramDirection": "input",
      "persistent": true
    },
    "params.Param103": {
      "paramDirection": "input",
      "persistent": true
    },
    "params.Param104": {
      "paramDirection": "input",
      "persistent": true
    },
    "params.Param105": {
      "paramDirection": "input",
      "persistent": true
    },
    "params.Param106": {
      "paramDirection": "input",
      "persistent": true
    },
    "params.Param107": {
      "paramDirection": "input",
      "persistent": true
    },
    "params.Path": {
      "paramDirection": "input",
      "persistent": true
    },
    "params.Tag": {
      "paramDirection": "input",
      "persistent": true
    }
  },
  "props": {
    "defaultSize": {
      "height": 40,
      "width": 40
    }
  },
  "root": {
    "children": [
      {
        "meta": {
          "name": "msi_Permissive"
        },
        "position": {
          "height": 32,
          "width": 32,
          "x": 4,
          "y": 4
        },
        "propConfig": {
          "props.source": {
            "binding": {
              "config": {
                "expression": "//if (NOT {#103}) or (Not ({#102} or {#104})) then 3\r\n//else if ( Not {#102} ) then 2\r\n//else {#104}\r\n\r\nif(!{view.params.Param103} || !({view.params.Param102} || {view.params.Param104}), 3,\r\n\tif(!{view.params.Param102}, 2,\r\n\t\ttoInt({view.params.Param104})))\r\n\r\n"
              },
              "transforms": [
                {
                  "fallback": "/system/images/PAX/Nav_IntlkOK.svg",
                  "inputType": "scalar",
                  "mappings": [
                    {
                      "input": 0,
                      "output": "/system/images/PAX/Nav_PermOK.svg"
                    },
                    {
                      "input": 1,
                      "output": "/system/images/PAX/Nav_PermOKBypassed.svg"
                    },
                    {
                      "input": 2,
                      "output": "/system/images/PAX/Nav_PermNonBypOK.svg"
                    },
                    {
                      "input": 3,
                      "output": "/system/images/PAX/Nav_PermNotOK.svg"
                    }
                  ],
                  "outputType": "scalar",
                  "type": "map"
                }
              ],
              "type": "expr"
            }
          }
        },
        "props": {
          "fit": {
            "mode": "fill"
          }
        },
        "type": "ia.display.image"
      },
      {
        "events": {
          "dom": {
            "onClick": {
              "config": {
                "script": "\t#NavToFaceplate #106 #107 /RP\n\tpath \u003d self.view.params.Param107 #Path of the interlock object\n\ttag \u003d self.view.params.Param106 #Tag of the interlock object\n\tfull_tag \u003d path+tag\n\tsystem.tag.writeBlocking([\"[default]ScriptTest\"], [full_tag])\n\tHMI_Type \u003d system.tag.readBlocking([full_tag+\"/HMI_Type\"])[0].value\n\tHMI_Lib \u003d system.tag.readBlocking([full_tag+\"/HMI_Lib\"])[0].value\n\ttitle \u003d system.tag.readBlocking([full_tag+\"/Cfg_Tag\"])[0].value\n\t#Quick Faceplate TODO once quick faceplat is finished: \n\t#Visible -\u003e (\"#122\" \u003d \"2\") or ((\"#122\" \u003d \"1\") and (not CurrentUserHasCode( {Security\\ShowFaceplate} )))\n\tquick \u003d False # for now\n\tpopup_path \u003d \"PAX/RA-BAS/(\"+HMI_Lib+\") \"+HMI_Type+\"-Faceplate\"#e.g. PAX/RA-BAS/(RA-BAS) P_AIn-Faceplate\n\tif quick:\n\t\tpopup_path \u003d \"PAX/RA-BAS/(\"+HMI_Lib+\") \"+HMI_Type+\"-Quick\"#e.g. PAX/RA-BAS/(RA-BAS) P_AIn-Faceplate\n\tidx \u003d popup_path+tag #unique id for popup\n\tleft \u003d event.pageX\n\ttop \u003d event.pageY\n\tsystem.perspective.openPopup(idx, popup_path,\n\ttitle\u003dtitle,\n\tparams\u003d{\"path\":path,\"tag\":tag},\n\tposition\u003d{\u0027left\u0027:left,\u0027top\u0027:top})\t"
              },
              "scope": "G",
              "type": "script"
            }
          }
        },
        "meta": {
          "name": "GroupNavButton"
        },
        "position": {
          "height": 32,
          "width": 32,
          "x": 4,
          "y": 4
        },
        "propConfig": {
          "meta.visible": {
            "binding": {
              "config": {
                "path": "view.params.Param105"
              },
              "type": "property"
            }
          }
        },
        "props": {
          "image": "",
          "style": {
            "classes": "PAX/Buttons/btn-background-transparent"
          },
          "text": ""
        },
        "type": "ia.input.button"
      }
    ],
    "meta": {
      "name": "root"
    },
    "type": "ia.container.coord"
  }
}