{
  "custom": {},
  "params": {
    "P2": 4,
    "path": "*Path",
    "tag": "*Tag"
  },
  "propConfig": {
    "params.P2": {
      "paramDirection": "input",
      "persistent": true
    },
    "params.path": {
      "paramDirection": "input",
      "persistent": true
    },
    "params.tag": {
      "paramDirection": "input",
      "persistent": true
    }
  },
  "props": {
    "defaultSize": {
      "height": 170,
      "width": 245
    }
  },
  "root": {
    "children": [
      {
        "meta": {
          "name": "msi_CmdSrc"
        },
        "position": {
          "height": 20,
          "width": 190,
          "x": 50,
          "y": 4
        },
        "propConfig": {
          "props.params.P2": {
            "binding": {
              "config": {
                "path": "view.params.P2"
              },
              "type": "property"
            }
          }
        },
        "props": {
          "path": "PAX/GlobalObjects/Process Command Source Objects/msi_CmdSrc"
        },
        "type": "ia.display.view"
      },
      {
        "meta": {
          "name": "GO_OperatorButtons"
        },
        "position": {
          "height": 40,
          "width": 140,
          "x": 50,
          "y": 60
        },
        "props": {
          "path": "PAX/GlobalObjects/Process Command Source Objects/GO_OperatorButtons"
        },
        "type": "ia.display.view"
      },
      {
        "meta": {
          "name": "Label"
        },
        "position": {
          "height": 32,
          "width": 97,
          "x": 15,
          "y": 124
        },
        "propConfig": {
          "props.text": {
            "binding": {
              "config": {
                "path": "view.params.path"
              },
              "type": "property"
            }
          }
        },
        "type": "ia.display.label"
      },
      {
        "meta": {
          "name": "Label_0"
        },
        "position": {
          "height": 32,
          "width": 127,
          "x": 112,
          "y": 124
        },
        "propConfig": {
          "props.text": {
            "binding": {
              "config": {
                "path": "view.params.tag"
              },
              "type": "property"
            }
          }
        },
        "type": "ia.display.label"
      }
    ],
    "meta": {
      "name": "root"
    },
    "props": {
      "style": {
        "classes": "PAX/PaxPopupWindow"
      }
    },
    "type": "ia.container.coord"
  }
}