{
  "custom": {},
  "params": {
    "Path": "[default]",
    "Tag": "AGT_001/CmdSrc"
  },
  "propConfig": {
    "params.Path": {
      "paramDirection": "input",
      "persistent": true
    },
    "params.Tag": {
      "paramDirection": "input",
      "persistent": true
    }
  },
  "props": {
    "defaultSize": {
      "height": 21,
      "width": 179
    }
  },
  "root": {
    "children": [
      {
        "meta": {
          "name": "GroupHandReq"
        },
        "position": {
          "height": 21,
          "width": 23
        },
        "propConfig": {
          "props.style.classes": {
            "binding": {
              "config": {
                "expression": "//Sts_bSrc.0\r\ntoBoolean(getBit(tag({view.params.Path}+{view.params.Tag}+\"/Sts_bSrc\"),0))"
              },
              "transforms": [
                {
                  "fallback": "PAX/FaceplateColors/TotemPole-Shaded",
                  "inputType": "scalar",
                  "mappings": [
                    {
                      "input": false,
                      "output": "PAX/FaceplateColors/TotemPole-Shaded"
                    },
                    {
                      "input": true,
                      "output": "PAX/FaceplateColors/TotemPole-Lit"
                    }
                  ],
                  "outputType": "style-list",
                  "type": "map"
                }
              ],
              "type": "expr"
            }
          }
        },
        "props": {
          "fit": {
            "mode": "fill"
          },
          "source": "/system/images/PAX/Sts_CmdSrcHand.svg",
          "style": {}
        },
        "type": "ia.display.image"
      },
      {
        "meta": {
          "name": "GroupOutOfServiceReq"
        },
        "position": {
          "height": 21,
          "width": 23,
          "x": 26
        },
        "propConfig": {
          "props.style.classes": {
            "binding": {
              "config": {
                "expression": "//{#2.Sts_bSrc.1} or {#2.Sts_bSrc.2}\r\n(getBit(tag({view.params.Path}+{view.params.Tag}+\"/Sts_bSrc\"),1) || getBit(tag({view.params.Path}+{view.params.Tag}+\"/Sts_bSrc\"),2))"
              },
              "transforms": [
                {
                  "fallback": "PAX/FaceplateColors/TotemPole-Shaded",
                  "inputType": "scalar",
                  "mappings": [
                    {
                      "input": false,
                      "output": "PAX/FaceplateColors/TotemPole-Shaded"
                    },
                    {
                      "input": true,
                      "output": "PAX/FaceplateColors/TotemPole-Lit"
                    }
                  ],
                  "outputType": "style-list",
                  "type": "map"
                }
              ],
              "type": "expr"
            }
          }
        },
        "props": {
          "fit": {
            "mode": "fill"
          },
          "source": "/system/images/PAX/Sts_CmdSrcOoS.svg",
          "style": {}
        },
        "type": "ia.display.image"
      },
      {
        "meta": {
          "name": "GroupMaintReq"
        },
        "position": {
          "height": 21,
          "width": 23,
          "x": 52
        },
        "propConfig": {
          "meta.visible": {
            "binding": {
              "config": {
                "fallbackDelay": 2.5,
                "mode": "expression",
                "tagPath": "{view.params.Path}+{view.params.Tag}+\"/Cfg_HasMaint\""
              },
              "type": "tag"
            }
          },
          "props.style.classes": {
            "binding": {
              "config": {
                "expression": "//{#2.Sts_bSrc.3}\r\ntoBoolean(getBit(tag({view.params.Path}+{view.params.Tag}+\"/Sts_bSrc\"),3))"
              },
              "transforms": [
                {
                  "fallback": "PAX/FaceplateColors/TotemPole-Shaded",
                  "inputType": "scalar",
                  "mappings": [
                    {
                      "input": false,
                      "output": "PAX/FaceplateColors/TotemPole-Shaded"
                    },
                    {
                      "input": true,
                      "output": "PAX/FaceplateColors/TotemPole-Lit"
                    }
                  ],
                  "outputType": "style-list",
                  "type": "map"
                }
              ],
              "type": "expr"
            }
          }
        },
        "props": {
          "fit": {
            "mode": "fill"
          },
          "source": "/system/images/PAX/Sts_CmdSrcMaint.svg",
          "style": {}
        },
        "type": "ia.display.image"
      },
      {
        "meta": {
          "name": "GroupOvrdReq"
        },
        "position": {
          "height": 21,
          "width": 23,
          "x": 78
        },
        "propConfig": {
          "props.style.classes": {
            "binding": {
              "config": {
                "expression": "//{#2.Sts_bSrc.4}\r\ntoBoolean(getBit(tag({view.params.Path}+{view.params.Tag}+\"/Sts_bSrc\"),4))"
              },
              "transforms": [
                {
                  "fallback": "PAX/FaceplateColors/TotemPole-Shaded",
                  "inputType": "scalar",
                  "mappings": [
                    {
                      "input": false,
                      "output": "PAX/FaceplateColors/TotemPole-Shaded"
                    },
                    {
                      "input": true,
                      "output": "PAX/FaceplateColors/TotemPole-Lit"
                    }
                  ],
                  "outputType": "style-list",
                  "type": "map"
                }
              ],
              "type": "expr"
            }
          }
        },
        "props": {
          "fit": {
            "mode": "fill"
          },
          "source": "/system/images/PAX/Sts_CmdSrcOvrd.svg",
          "style": {}
        },
        "type": "ia.display.image"
      },
      {
        "meta": {
          "name": "GroupExtReq1"
        },
        "position": {
          "height": 21,
          "width": 23,
          "x": 104
        },
        "propConfig": {
          "meta.visible": {
            "binding": {
              "config": {
                "fallbackDelay": 2.5,
                "mode": "expression",
                "tagPath": "{view.params.Path}+{view.params.Tag}+\"/Cfg_HasExt\""
              },
              "type": "tag"
            }
          },
          "props.style.classes": {
            "binding": {
              "config": {
                "expression": "//{#2.Sts_bSrc.5}\r\ntoBoolean((getBit(tag({view.params.Path}+{view.params.Tag}+\"/Sts_bSrc\"),5)))"
              },
              "transforms": [
                {
                  "fallback": "PAX/FaceplateColors/TotemPole-Shaded",
                  "inputType": "scalar",
                  "mappings": [
                    {
                      "input": false,
                      "output": "PAX/FaceplateColors/TotemPole-Shaded"
                    },
                    {
                      "input": true,
                      "output": "PAX/FaceplateColors/TotemPole-Lit"
                    }
                  ],
                  "outputType": "style-list",
                  "type": "map"
                }
              ],
              "type": "expr"
            }
          }
        },
        "props": {
          "fit": {
            "mode": "fill"
          },
          "source": "/system/images/PAX/Sts_CmdSrcExt.svg",
          "style": {}
        },
        "type": "ia.display.image"
      },
      {
        "meta": {
          "name": "GroupExtReq2"
        },
        "position": {
          "height": 21,
          "width": 23,
          "x": 130
        },
        "propConfig": {
          "meta.visible": {
            "binding": {
              "config": {
                "fallbackDelay": 2.5,
                "mode": "expression",
                "tagPath": "{view.params.Path}+{view.params.Tag}+\"/Cfg_HasExt\""
              },
              "type": "tag"
            }
          },
          "props.style.classes": {
            "binding": {
              "config": {
                "expression": "//{#2.Sts_bSrc.5}\r\ntoBoolean((getBit(tag({view.params.Path}+{view.params.Tag}+\"/Sts_bSrc\"),5)))"
              },
              "transforms": [
                {
                  "fallback": "PAX/FaceplateColors/TotemPole-Shaded",
                  "inputType": "scalar",
                  "mappings": [
                    {
                      "input": false,
                      "output": "PAX/FaceplateColors/TotemPole-Shaded"
                    },
                    {
                      "input": true,
                      "output": "PAX/FaceplateColors/TotemPole-Lit"
                    }
                  ],
                  "outputType": "style-list",
                  "type": "map"
                }
              ],
              "type": "expr"
            }
          }
        },
        "props": {
          "fit": {
            "mode": "fill"
          },
          "source": "/system/images/PAX/Sts_CmdSrcExt.svg",
          "style": {}
        },
        "type": "ia.display.image"
      },
      {
        "meta": {
          "name": "GroupProgReq"
        },
        "position": {
          "height": 21,
          "width": 23,
          "x": 156
        },
        "propConfig": {
          "meta.visible": {
            "binding": {
              "config": {
                "fallbackDelay": 2.5,
                "mode": "expression",
                "tagPath": "{view.params.Path}+{view.params.Tag}+\"/Cfg_HasProg\""
              },
              "type": "tag"
            }
          },
          "props.style.classes": {
            "binding": {
              "config": {
                "expression": "//#2.Cfg_ProgNormal\r\ntag({view.params.Path}+{view.params.Tag}+\"/Cfg_ProgNormal\")"
              },
              "transforms": [
                {
                  "fallback": "PAX/FaceplateColors/TotemPole-Shaded",
                  "inputType": "scalar",
                  "mappings": [
                    {
                      "input": false,
                      "output": "PAX/FaceplateColors/TotemPole-Shaded"
                    },
                    {
                      "input": true,
                      "output": "PAX/FaceplateColors/TotemPole-Lit"
                    }
                  ],
                  "outputType": "style-list",
                  "type": "map"
                }
              ],
              "type": "expr"
            }
          }
        },
        "props": {
          "fit": {
            "mode": "fill"
          },
          "source": "/system/images/PAX/Sts_CmdSrcProgram.svg",
          "style": {}
        },
        "type": "ia.display.image"
      },
      {
        "meta": {
          "name": "GroupOperReq"
        },
        "position": {
          "height": 21,
          "width": 23,
          "x": 156
        },
        "propConfig": {
          "meta.visible": {
            "binding": {
              "config": {
                "fallbackDelay": 2.5,
                "mode": "expression",
                "tagPath": "{view.params.Path}+{view.params.Tag}+\"/Cfg_HasOper\""
              },
              "type": "tag"
            }
          },
          "props.style.classes": {
            "binding": {
              "config": {
                "expression": "//#2.Cfg_ProgNormal\r\n!tag({view.params.Path}+{view.params.Tag}+\"/Cfg_ProgNormal\")"
              },
              "transforms": [
                {
                  "fallback": "PAX/FaceplateColors/TotemPole-Shaded",
                  "inputType": "scalar",
                  "mappings": [
                    {
                      "input": false,
                      "output": "PAX/FaceplateColors/TotemPole-Shaded"
                    },
                    {
                      "input": true,
                      "output": "PAX/FaceplateColors/TotemPole-Lit"
                    }
                  ],
                  "outputType": "style-list",
                  "type": "map"
                }
              ],
              "type": "expr"
            }
          }
        },
        "props": {
          "fit": {
            "mode": "fill"
          },
          "source": "/system/images/PAX/Sts_CmdSrcOper.svg",
          "style": {}
        },
        "type": "ia.display.image"
      }
    ],
    "meta": {
      "name": "root"
    },
    "type": "ia.container.coord"
  }
}