{
  "custom": {},
  "params": {
    "Param_101": "value",
    "Param_102": "value",
    "Param_103": "value"
  },
  "propConfig": {
    "params.Param_101": {
      "paramDirection": "output",
      "persistent": true
    },
    "params.Param_102": {
      "paramDirection": "output",
      "persistent": true
    },
    "params.Param_103": {
      "paramDirection": "output",
      "persistent": true
    }
  },
  "props": {
    "defaultSize": {
      "height": 40,
      "width": 140
    }
  },
  "root": {
    "children": [
      {
        "custom": {
          "states": [
            "Hand",
            "Override",
            "Program",
            "Operator"
          ]
        },
        "meta": {
          "name": "msi_CmdSrcText"
        },
        "position": {
          "height": 32,
          "width": 112,
          "x": 24,
          "y": 4
        },
        "propConfig": {
          "props.text": {
            "binding": {
              "config": {
                "expression": "{this.custom.states}[{parent.custom.state}]\r\n"
              },
              "type": "expr"
            }
          }
        },
        "props": {
          "style": {
            "classes": "PAX/btn-CmdSrcText"
          }
        },
        "type": "ia.display.label"
      },
      {
        "custom": {
          "paths": [
            "PAX/Sts_CmdSrcHand.svg",
            "PAX/Sts_CmdSrcOvrd.svg",
            "PAX/Sts_CmdSrcProgram.svg",
            "PAX/Sts_CmdSrcOper.svg"
          ]
        },
        "meta": {
          "name": "Image"
        },
        "position": {
          "height": 38,
          "width": 16,
          "x": 4,
          "y": 1
        },
        "propConfig": {
          "props.source": {
            "binding": {
              "config": {
                "expression": "\"/system/images/\"+ {this.custom.paths}[{parent.custom.state}]"
              },
              "type": "expr"
            }
          }
        },
        "props": {
          "fit": {
            "height": 16,
            "mode": "fill",
            "width": 16
          }
        },
        "type": "ia.display.image"
      }
    ],
    "custom": {
      "state": 3
    },
    "meta": {
      "name": "root"
    },
    "props": {
      "style": {
        "classes": "PAX/btn-background"
      }
    },
    "type": "ia.container.coord"
  }
}