{
  "custom": {
    "Sts_eSrc": 34
  },
  "params": {
    "Path": "[default]",
    "Tag": "AGT_001/CmdSrc"
  },
  "propConfig": {
    "custom.Sts_eSrc": {
      "binding": {
        "config": {
          "expression": "tag({view.params.Path}+{view.params.Tag}+\"/Sts_eSrc\")"
        },
        "type": "expr"
      },
      "persistent": true
    },
    "params.Path": {
      "paramDirection": "input",
      "persistent": true
    },
    "params.Tag": {
      "paramDirection": "input",
      "persistent": true
    }
  },
  "props": {
    "defaultSize": {
      "height": 20,
      "width": 190
    }
  },
  "root": {
    "children": [
      {
        "meta": {
          "name": "msi_CmdSrcLabel"
        },
        "position": {
          "height": 18,
          "width": 160,
          "x": 20
        },
        "propConfig": {
          "props.text": {
            "binding": {
              "config": {
                "expression": "{view.custom.Sts_eSrc}"
              },
              "transforms": [
                {
                  "fallback": "Error",
                  "inputType": "scalar",
                  "mappings": [
                    {
                      "input": 0,
                      "output": "Logic Not In Use"
                    },
                    {
                      "input": 4,
                      "output": "Hand"
                    },
                    {
                      "input": 8,
                      "output": "Maintenance"
                    },
                    {
                      "input": 16,
                      "output": "Override"
                    },
                    {
                      "input": 32,
                      "output": "Program"
                    },
                    {
                      "input": 33,
                      "output": "Program (locked)"
                    },
                    {
                      "input": 34,
                      "output": "Program"
                    },
                    {
                      "input": 64,
                      "output": "Operator"
                    },
                    {
                      "input": 65,
                      "output": "Operator (locked)"
                    },
                    {
                      "input": 66,
                      "output": "Operator"
                    },
                    {
                      "input": 128,
                      "output": "Maint. Out Of Service"
                    },
                    {
                      "input": 129,
                      "output": "Logic Out of Service"
                    },
                    {
                      "input": 256,
                      "output": "External"
                    }
                  ],
                  "outputType": "scalar",
                  "type": "map"
                }
              ],
              "type": "expr"
            }
          }
        },
        "type": "ia.display.label"
      },
      {
        "meta": {
          "name": "msi_CmdSrcIcon"
        },
        "position": {
          "height": 20,
          "width": 20
        },
        "propConfig": {
          "props.path": {
            "binding": {
              "config": {
                "expression": "switch({view.custom.Sts_eSrc},\r\n0,                 4,     8,            16,        32,       33,                34,\t\t  64,        65,                66,       128,                   129,                    256,\r\n\"\",\"material/handyman\",\"material/filter_vintage\",\"material/handyman\",\"material/flash_auto\",\"material/flash_auto\",\"material/flash_auto\",\"material/person\",\"material/person\",\"material/person\",\"material/handyman\",\"material/handyman\",\"material/cloud_download\",\r\n\"Error\")"
              },
              "type": "expr"
            }
          }
        },
        "type": "ia.display.icon"
      },
      {
        "meta": {
          "name": "Sts_BC_CmdSrcNotNorm"
        },
        "position": {
          "height": 16,
          "width": 16,
          "x": 170
        },
        "propConfig": {
          "meta.visible": {
            "binding": {
              "config": {
                "expression": "!tag({view.params.Path}+{view.params.Tag}+\"/Sts_Normal\")"
              },
              "type": "expr"
            }
          }
        },
        "props": {
          "fit": {
            "height": 16,
            "mode": "fill",
            "width": 16
          },
          "source": "/system/images/PAX/Sts_BC_CmdSrcNotNorm.svg"
        },
        "type": "ia.display.image"
      }
    ],
    "meta": {
      "name": "root"
    },
    "props": {
      "style": {
        "classes": "PAX/Buttons/btn-background"
      }
    },
    "type": "ia.container.coord"
  }
}