{
  "custom": {},
  "params": {
    "Path": "[default]",
    "Tag": "LT_471"
  },
  "propConfig": {
    "params.Path": {
      "paramDirection": "input",
      "persistent": true
    },
    "params.Tag": {
      "paramDirection": "input",
      "persistent": true
    }
  },
  "props": {
    "defaultSize": {
      "height": 300,
      "width": 395
    }
  },
  "root": {
    "children": [
      {
        "children": [
          {
            "events": {
              "dom": {
                "onClick": {
                  "config": {
                    "script": "\tself.view.getChild(\"root\").custom.ActiveTab \u003d 0"
                  },
                  "scope": "G",
                  "type": "script"
                }
              }
            },
            "meta": {
              "name": "GO_TabButtonHome"
            },
            "position": {
              "height": 36,
              "width": 36,
              "x": 2
            },
            "props": {
              "image": {
                "height": 32,
                "position": "center",
                "source": "/system/images/PAX/Nav_Home.svg",
                "width": 32
              },
              "style": {
                "classes": "PAX/Buttons/btn-background"
              },
              "text": ""
            },
            "type": "ia.input.button"
          },
          {
            "events": {
              "dom": {
                "onClick": {
                  "config": {
                    "script": "\tself.view.getChild(\"root\").custom.ActiveTab \u003d 1"
                  },
                  "scope": "G",
                  "type": "script"
                }
              }
            },
            "meta": {
              "name": "GO_TabButtonMaintenance"
            },
            "position": {
              "height": 36,
              "width": 36,
              "x": 2,
              "y": 40
            },
            "props": {
              "image": {
                "height": 32,
                "position": "center",
                "source": "/system/images/PAX/Nav_Maint.svg",
                "width": 32
              },
              "style": {
                "classes": "PAX/Buttons/btn-background"
              },
              "text": ""
            },
            "type": "ia.input.button"
          },
          {
            "events": {
              "dom": {
                "onClick": {
                  "config": {
                    "script": "\t#{RALibrary\\HelpFilePath} + \"\\Help \" + {#2.HMI_Lib} + \" \" + {#2.HMI_Type} + \" \" + CurrentLanguage(  ) + \".pdf\"\n\tpass\n\t"
                  },
                  "scope": "G",
                  "type": "script"
                }
              }
            },
            "meta": {
              "name": "GO_ButtonHelp"
            },
            "position": {
              "height": 36,
              "width": 36,
              "x": 2,
              "y": 260
            },
            "props": {
              "image": {
                "height": 32,
                "position": "center",
                "source": "/system/images/PAX/Nav_Help.svg",
                "width": 32
              },
              "style": {
                "classes": "PAX/Buttons/btn-background"
              },
              "text": ""
            },
            "type": "ia.input.button"
          },
          {
            "events": {
              "dom": {
                "onClick": {
                  "config": {
                    "script": "\tself.view.getChild(\"root\").custom.ActiveTab \u003d 2"
                  },
                  "scope": "G",
                  "type": "script"
                }
              }
            },
            "meta": {
              "name": "GO_TabButton_Diagnostics"
            },
            "position": {
              "height": 36,
              "width": 36,
              "x": 2,
              "y": 80
            },
            "props": {
              "image": {
                "height": 32,
                "position": "center",
                "source": "/system/images/PAX/Nav_Diag.svg",
                "width": 32
              },
              "style": {
                "classes": "PAX/Buttons/btn-background"
              },
              "text": ""
            },
            "type": "ia.input.button"
          },
          {
            "events": {
              "dom": {
                "onClick": {
                  "config": {
                    "script": "\tself.view.getChild(\"root\").custom.ActiveTab \u003d 3"
                  },
                  "scope": "G",
                  "type": "script"
                }
              }
            },
            "meta": {
              "name": "GO_TabButtonAlarm"
            },
            "position": {
              "height": 36,
              "width": 36,
              "x": 2,
              "y": 120
            },
            "props": {
              "image": {
                "height": 32,
                "position": "center",
                "source": "/system/images/PAX/Nav_Alm.svg",
                "width": 32
              },
              "style": {
                "classes": "PAX/Buttons/btn-background"
              },
              "text": ""
            },
            "type": "ia.input.button"
          }
        ],
        "meta": {
          "name": "GroupControls"
        },
        "position": {
          "height": 296,
          "width": 40,
          "y": 2
        },
        "type": "ia.container.coord"
      },
      {
        "children": [
          {
            "meta": {
              "name": "MovingAnalogIndicator"
            },
            "position": {
              "height": 270,
              "width": 71,
              "x": 248.5,
              "y": 15
            },
            "propConfig": {
              "props.highAlarm": {
                "binding": {
                  "config": {
                    "expression": "tag({view.params.Path}+{view.params.Tag}+\"/Cfg_HiLim\")"
                  },
                  "type": "expr"
                }
              },
              "props.highHighAlarm": {
                "binding": {
                  "config": {
                    "expression": "tag({view.params.Path}+{view.params.Tag}+\"/Cfg_HiHiLim\")"
                  },
                  "type": "expr"
                }
              },
              "props.lowAlarm": {
                "binding": {
                  "config": {
                    "expression": "tag({view.params.Path}+{view.params.Tag}+\"/Cfg_LoLim\")"
                  },
                  "type": "expr"
                }
              },
              "props.lowLowAlarm": {
                "binding": {
                  "config": {
                    "expression": "tag({view.params.Path}+{view.params.Tag}+\"/Cfg_LoLoLim\")"
                  },
                  "type": "expr"
                }
              },
              "props.maxValue": {
                "binding": {
                  "config": {
                    "expression": "tag({view.params.Path}+{view.params.Tag}+\"/Val_PVEUMax\")"
                  },
                  "type": "expr"
                }
              },
              "props.minValue": {
                "binding": {
                  "config": {
                    "expression": "tag({view.params.Path}+{view.params.Tag}+\"/Val_PVEUMin\")"
                  },
                  "type": "expr"
                }
              },
              "props.processValue": {
                "binding": {
                  "config": {
                    "expression": "tag({view.params.Path}+{view.params.Tag}+\"/Val\")"
                  },
                  "type": "expr"
                }
              }
            },
            "props": {
              "desiredHigh": null,
              "desiredLow": null,
              "desiredRangeColor": "#808080",
              "highInterlock": null,
              "label": {
                "format": "#,##0.0"
              },
              "lowInterlock": null
            },
            "type": "ia.display.moving-analog-indicator"
          },
          {
            "meta": {
              "name": "Label"
            },
            "position": {
              "height": 26,
              "width": 119.14,
              "x": 165.22,
              "y": 261.42625
            },
            "propConfig": {
              "props.text": {
                "binding": {
                  "config": {
                    "expression": "tag({view.params.Path}+{view.params.Tag}+\"/Val\") + \" \"+tag({view.params.Path}+{view.params.Tag}+\"/Cfg_EU\")\r\n"
                  },
                  "type": "expr"
                }
              }
            },
            "type": "ia.display.label"
          },
          {
            "meta": {
              "name": "Label_0"
            },
            "position": {
              "height": 26,
              "width": 119.14,
              "x": 15.938749999999999,
              "y": 235.90875
            },
            "propConfig": {
              "props.text": {
                "binding": {
                  "config": {
                    "expression": "tag({view.params.Path}+{view.params.Tag}+\"/Cfg_Tag\")\r\n"
                  },
                  "type": "expr"
                }
              }
            },
            "type": "ia.display.label"
          },
          {
            "meta": {
              "name": "Label_1"
            },
            "position": {
              "height": 24,
              "width": 233.48,
              "x": 15.719999999999999,
              "y": 261.48
            },
            "propConfig": {
              "props.text": {
                "binding": {
                  "config": {
                    "expression": "tag({view.params.Path}+{view.params.Tag}+\"/Cfg_Desc\")\r\n"
                  },
                  "type": "expr"
                }
              }
            },
            "type": "ia.display.label"
          },
          {
            "meta": {
              "name": "TimeSeriesChart"
            },
            "position": {
              "height": 209,
              "width": 241,
              "x": 11,
              "y": 27
            },
            "props": {
              "series": [
                {
                  "data": [
                    {
                      "time": 1560469431423,
                      "value": 52
                    },
                    {
                      "time": 1560469432423,
                      "value": 18
                    }
                  ],
                  "name": "Boiler"
                }
              ]
            },
            "type": "ia.chart.timeseries"
          }
        ],
        "meta": {
          "name": "TabContainer_0"
        },
        "position": {
          "height": 300,
          "width": 355,
          "x": 40
        },
        "propConfig": {
          "meta.visible": {
            "binding": {
              "config": {
                "expression": "{parent.custom.ActiveTab} \u003d 0"
              },
              "type": "expr"
            }
          }
        },
        "type": "ia.container.coord"
      },
      {
        "children": [
          {
            "meta": {
              "name": "Placeholder"
            },
            "position": {
              "height": 16,
              "width": 259,
              "x": 50,
              "y": 150
            },
            "props": {
              "text": "Tab 1 - Not Complete"
            },
            "type": "ia.display.label"
          },
          {
            "events": {
              "dom": {
                "onCompositionEnd": {
                  "config": {
                    "script": "\tsystem.tag.writeBlocking([\"ScriptTest\"], [self.props.text])"
                  },
                  "scope": "G",
                  "type": "script"
                }
              }
            },
            "meta": {
              "name": "Input-Cfg_Tag"
            },
            "position": {
              "height": 20,
              "width": 200,
              "x": 100,
              "y": 10
            },
            "propConfig": {
              "props.text": {
                "binding": {
                  "config": {
                    "fallbackDelay": 2.5,
                    "mode": "expression",
                    "tagPath": "{view.params.Path}+{view.params.Tag}+\"/Cfg_Tag\""
                  },
                  "type": "tag"
                },
                "onChange": {
                  "enabled": null,
                  "script": "\tif origin \u003d\u003d \"Browser\":\n\t\tsystem.tag.writeBlocking([self.view.params.Path+self.view.params.Tag+\"/Cfg_Tag\"], [currentValue])"
                }
              }
            },
            "props": {
              "spellcheck": false
            },
            "type": "ia.input.text-field"
          },
          {
            "meta": {
              "name": "Label-Cfg_Tag"
            },
            "position": {
              "height": 20,
              "width": 80,
              "x": 10,
              "y": 10
            },
            "props": {
              "text": "Cfg_Tag:"
            },
            "type": "ia.display.label"
          },
          {
            "meta": {
              "name": "Label-Cfg_Label"
            },
            "position": {
              "height": 20,
              "width": 80,
              "x": 10,
              "y": 40
            },
            "props": {
              "text": "Cfg_Label:"
            },
            "type": "ia.display.label"
          },
          {
            "events": {
              "dom": {
                "onCompositionEnd": {
                  "config": {
                    "script": "\tsystem.tag.writeBlocking([\"ScriptTest\"], [self.props.text])"
                  },
                  "scope": "G",
                  "type": "script"
                }
              }
            },
            "meta": {
              "name": "Input-Cfg_Label"
            },
            "position": {
              "height": 20,
              "width": 200,
              "x": 100,
              "y": 40
            },
            "propConfig": {
              "props.text": {
                "binding": {
                  "config": {
                    "fallbackDelay": 2.5,
                    "mode": "expression",
                    "tagPath": "{view.params.Path}+{view.params.Tag}+\"/Cfg_Label\""
                  },
                  "type": "tag"
                },
                "onChange": {
                  "enabled": null,
                  "script": "\tif origin \u003d\u003d \"Browser\":\n\t\tsystem.tag.writeBlocking([self.view.params.Path+self.view.params.Tag+\"/Cfg_Label\"], [currentValue])"
                }
              }
            },
            "props": {
              "spellcheck": false
            },
            "type": "ia.input.text-field"
          },
          {
            "meta": {
              "name": "Label-Cfg_Desc"
            },
            "position": {
              "height": 20,
              "width": 80,
              "x": 10,
              "y": 70
            },
            "props": {
              "text": "Cfg_Desc:"
            },
            "type": "ia.display.label"
          },
          {
            "events": {
              "dom": {
                "onCompositionEnd": {
                  "config": {
                    "script": "\tsystem.tag.writeBlocking([\"ScriptTest\"], [self.props.text])"
                  },
                  "scope": "G",
                  "type": "script"
                }
              }
            },
            "meta": {
              "name": "Input-Cfg_Desc"
            },
            "position": {
              "height": 20,
              "width": 200,
              "x": 100,
              "y": 70
            },
            "propConfig": {
              "props.text": {
                "binding": {
                  "config": {
                    "fallbackDelay": 2.5,
                    "mode": "expression",
                    "tagPath": "{view.params.Path}+{view.params.Tag}+\"/Cfg_Desc\""
                  },
                  "type": "tag"
                },
                "onChange": {
                  "enabled": null,
                  "script": "\tif origin \u003d\u003d \"Browser\":\n\t\tsystem.tag.writeBlocking([self.view.params.Path+self.view.params.Tag+\"/Cfg_Desc\"], [currentValue])"
                }
              }
            },
            "props": {
              "spellcheck": false
            },
            "type": "ia.input.text-field"
          }
        ],
        "meta": {
          "name": "TabContainer_1"
        },
        "position": {
          "height": 300,
          "width": 355,
          "x": 40
        },
        "propConfig": {
          "meta.visible": {
            "binding": {
              "config": {
                "expression": "{parent.custom.ActiveTab} \u003d 1"
              },
              "type": "expr"
            }
          }
        },
        "type": "ia.container.coord"
      },
      {
        "children": [
          {
            "meta": {
              "name": "Placeholder"
            },
            "position": {
              "height": 16,
              "width": 259,
              "x": 50,
              "y": 150
            },
            "props": {
              "text": "Tab 2 - Not Complete"
            },
            "type": "ia.display.label"
          }
        ],
        "meta": {
          "name": "TabContainer_2"
        },
        "position": {
          "height": 300,
          "width": 355,
          "x": 40
        },
        "propConfig": {
          "meta.visible": {
            "binding": {
              "config": {
                "expression": "{parent.custom.ActiveTab} \u003d 2"
              },
              "type": "expr"
            }
          }
        },
        "type": "ia.container.coord"
      },
      {
        "children": [
          {
            "meta": {
              "name": "Placeholder"
            },
            "position": {
              "height": 16,
              "width": 259,
              "x": 50,
              "y": 150
            },
            "props": {
              "text": "Tab 3 - Not Complete"
            },
            "type": "ia.display.label"
          }
        ],
        "meta": {
          "name": "TabContainer_3"
        },
        "position": {
          "height": 300,
          "width": 355,
          "x": 40
        },
        "propConfig": {
          "meta.visible": {
            "binding": {
              "config": {
                "expression": "{parent.custom.ActiveTab} \u003d 3"
              },
              "type": "expr"
            }
          }
        },
        "type": "ia.container.coord"
      }
    ],
    "custom": {
      "ActiveTab": 0
    },
    "meta": {
      "name": "root"
    },
    "position": {
      "x": 0,
      "y": 0
    },
    "props": {
      "style": {
        "classes": "PAX/PaxPopupWindow"
      }
    },
    "type": "ia.container.coord"
  }
}