{
  "custom": {},
  "params": {
    "Param102": "IOFault",
    "Param103": 350,
    "Path": "[default]",
    "Tag": "AGT_001"
  },
  "propConfig": {
    "params.Param102": {
      "paramDirection": "input",
      "persistent": true
    },
    "params.Param103": {
      "paramDirection": "input",
      "persistent": true
    },
    "params.Path": {
      "paramDirection": "input",
      "persistent": true
    },
    "params.Tag": {
      "paramDirection": "input",
      "persistent": true
    },
    "props.defaultSize.width": {
      "binding": {
        "config": {
          "path": "view.params.Param103"
        },
        "type": "property"
      }
    }
  },
  "props": {
    "defaultSize": {
      "height": 20
    }
  },
  "root": {
    "children": [
      {
        "meta": {
          "name": "AN_AlarmText"
        },
        "position": {
          "height": 13,
          "x": 20,
          "y": 2
        },
        "propConfig": {
          "position.width": {
            "binding": {
              "config": {
                "expression": "{view.params.Param103} - 34"
              },
              "type": "expr"
            }
          },
          "props.text": {
            "binding": {
              "config": {
                "expression": "tag({view.params.Path}+{view.params.Tag}+\"/\"+{view.params.Param102}+\"/Cfg_Cond\")"
              },
              "type": "expr"
            }
          }
        },
        "props": {
          "style": {
            "classes": "PAX/FaceplateText/label-info-banner"
          }
        },
        "type": "ia.display.label"
      },
      {
        "meta": {
          "name": "msi_AlarmSeverityIndicator"
        },
        "position": {
          "height": 20,
          "width": 20
        },
        "propConfig": {
          "custom.Val_Notify": {
            "binding": {
              "config": {
                "expression": "tag({view.params.Path}+{view.params.Tag}+\"/\"+{view.params.Param102}+\"/Val_Notify\")"
              },
              "type": "expr"
            }
          },
          "meta.visible": {
            "binding": {
              "config": {
                "expression": "if(!toBoolean({this.custom.Val_Notify}%2), //if even number\r\n\tTrue, //solid\r\n\ttoBoolean(getSecond(now())%2)) //blinking"
              },
              "type": "expr"
            }
          },
          "props.source": {
            "binding": {
              "config": {
                "path": "this.custom.Val_Notify"
              },
              "transforms": [
                {
                  "fallback": "/system/images/PAX/Error.svg",
                  "inputType": "scalar",
                  "mappings": [
                    {
                      "input": 0,
                      "output": "/system/images/PAX/Blank.svg"
                    },
                    {
                      "input": 1,
                      "output": "/system/images/PAX/Alm_AckReqd.svg"
                    },
                    {
                      "input": 2,
                      "output": "/system/images/PAX/Alm_PriorityLo.svg"
                    },
                    {
                      "input": 3,
                      "output": "/system/images/PAX/Alm_PriorityLo.svg"
                    },
                    {
                      "input": 4,
                      "output": "/system/images/PAX/Alm_PriorityMed.svg"
                    },
                    {
                      "input": 5,
                      "output": "/system/images/PAX/Alm_PriorityMed.svg"
                    },
                    {
                      "input": 6,
                      "output": "/system/images/PAX/Alm_PriorityHi.svg"
                    },
                    {
                      "input": 7,
                      "output": "/system/images/PAX/Alm_PriorityHi.svg"
                    },
                    {
                      "input": 8,
                      "output": "/system/images/PAX/Alm_PriorityUrg.svg"
                    },
                    {
                      "input": 9,
                      "output": "/system/images/PAX/Alm_PriorityUrg.svg"
                    }
                  ],
                  "outputType": "scalar",
                  "type": "map"
                }
              ],
              "type": "property"
            }
          }
        },
        "type": "ia.display.image"
      }
    ],
    "meta": {
      "name": "root"
    },
    "propConfig": {
      "meta.visible": {
        "binding": {
          "config": {
            "expression": "//({#2.#102.Val_Notify} \u003e 0) AND (({#2.Val_UnackAlmC} \u003d 0) or {#2.#102.Val_Notify.0})\r\ntag({view.params.Path}+{view.params.Tag}+\"/\"+{view.params.Param102}+\"/Val_Notify\") \u003e 0 \u0026\u0026\r\n(tag({view.params.Path}+{view.params.Tag}+\"/Val_UnackAlmC\") \u003d 0 ||\r\ntoBoolean(getBit(tag({view.params.Path}+{view.params.Tag}+\"/\"+{view.params.Param102}+\"/Val_Notify\"), 0)))\r\n\r\n"
          },
          "type": "expr"
        }
      }
    },
    "props": {
      "style": {
        "classes": "PAX/FaceplateColors/AN_AlarmBackground"
      }
    },
    "type": "ia.container.coord"
  }
}