{
  "custom": {},
  "params": {
    "Path": "[default]",
    "Tag": "AGT_001"
  },
  "propConfig": {
    "params.Path": {
      "paramDirection": "input",
      "persistent": true
    },
    "params.Tag": {
      "paramDirection": "input",
      "persistent": true
    }
  },
  "props": {
    "defaultSize": {
      "height": 45,
      "width": 145
    }
  },
  "root": {
    "children": [
      {
        "meta": {
          "name": "Breadcrumb_CmdSrcNotNormal1"
        },
        "position": {
          "height": 16,
          "width": 16,
          "x": 129
        },
        "propConfig": {
          "meta.visible": {
            "binding": {
              "config": {
                "expression": "//{#2.CmdSrc.Sts_Normal}\r\n!tag({view.params.Path}+{view.params.Tag}+\"/CmdSrc/Sts_Normal\")\r\n"
              },
              "type": "expr"
            }
          }
        },
        "props": {
          "fit": {
            "height": 16,
            "mode": "fill",
            "width": 16
          },
          "source": "/system/images/PAX/Sts_BC_CmdSrcNotNorm.svg"
        },
        "type": "ia.display.image"
      },
      {
        "meta": {
          "name": "msi_CmdSrcText"
        },
        "position": {
          "height": 32,
          "width": 112,
          "x": 24,
          "y": 8
        },
        "propConfig": {
          "props.text": {
            "binding": {
              "config": {
                "expression": "//{#2.CmdSrc.Sts_eSrc}\r\ntag({view.params.Path}+{view.params.Tag}+\"/CmdSrc/Sts_eSrc\")"
              },
              "transforms": [
                {
                  "fallback": null,
                  "inputType": "scalar",
                  "mappings": [
                    {
                      "input": 0,
                      "output": "Logic Not In Use"
                    },
                    {
                      "input": 4,
                      "output": "Hand"
                    },
                    {
                      "input": 8,
                      "output": "Maintenance"
                    },
                    {
                      "input": 16,
                      "output": "Override"
                    },
                    {
                      "input": 32,
                      "output": "Program"
                    },
                    {
                      "input": 33,
                      "output": "Program (locked)"
                    },
                    {
                      "input": 34,
                      "output": "Program"
                    },
                    {
                      "input": 64,
                      "output": "Operator"
                    },
                    {
                      "input": 65,
                      "output": "Operator (locked)"
                    },
                    {
                      "input": 66,
                      "output": "Operator"
                    },
                    {
                      "input": 128,
                      "output": "Maintenance Out of Service"
                    },
                    {
                      "input": 129,
                      "output": "Logic Out of Service"
                    },
                    {
                      "input": 256,
                      "output": "External"
                    }
                  ],
                  "outputType": "scalar",
                  "type": "map"
                }
              ],
              "type": "expr"
            }
          }
        },
        "props": {
          "textStyle": {
            "classes": "PAX/FaceplateText/btn-CmdSrcText"
          }
        },
        "type": "ia.display.label"
      },
      {
        "meta": {
          "name": "msi_CmdSrcSymbol"
        },
        "position": {
          "height": 16,
          "width": 16,
          "x": 1,
          "y": 6
        },
        "propConfig": {
          "props.source": {
            "binding": {
              "config": {
                "expression": "//{#2.CmdSrc.Sts_eSrc}\r\ntag({view.params.Path}+{view.params.Tag}+\"/CmdSrc/Sts_eSrc\")"
              },
              "transforms": [
                {
                  "fallback": "/system/images/PAX/Error.svg",
                  "inputType": "scalar",
                  "mappings": [
                    {
                      "input": 0,
                      "output": "/system/images/PAX/Blank.svg"
                    },
                    {
                      "input": 4,
                      "output": "/system/images/PAX/Sts_CmdSrcHand.svg"
                    },
                    {
                      "input": 8,
                      "output": "/system/images/PAX/Sts_CmdSrcMaint.svg"
                    },
                    {
                      "input": 16,
                      "output": "/system/images/PAX/Sts_CmdSrcOvrd.svg"
                    },
                    {
                      "input": 32,
                      "output": "/system/images/PAX/Sts_CmdSrcProgram.svg"
                    },
                    {
                      "input": 33,
                      "output": "/system/images/PAX/Sts_CmdSrcProgLocked.svg"
                    },
                    {
                      "input": 34,
                      "output": "/system/images/PAX/Sts_CmdSrcProgram.svg"
                    },
                    {
                      "input": 64,
                      "output": "/system/images/PAX/Sts_CmdSrcOper.svg"
                    },
                    {
                      "input": 65,
                      "output": "/system/images/PAX/Sts_CmdSrcOperLocked.svg"
                    },
                    {
                      "input": 66,
                      "output": "/system/images/PAX/Sts_CmdSrcOper.svg"
                    },
                    {
                      "input": 128,
                      "output": "/system/images/PAX/Sts_CmdSrcOoS.svg"
                    },
                    {
                      "input": 129,
                      "output": "/system/images/PAX/Sts_CmdSrcOoS.svg"
                    },
                    {
                      "input": 256,
                      "output": "/system/images/PAX/Sts_CmdSrcExt.svg"
                    }
                  ],
                  "outputType": "scalar",
                  "type": "map"
                }
              ],
              "type": "expr"
            }
          }
        },
        "type": "ia.display.image"
      },
      {
        "events": {
          "dom": {
            "onClick": {
              "config": {
                "script": "\tPAX.Macros.NavToFaceplate(system.perspective, self, event, self.view.params.Path, self.view.params.Tag+\"/CmdSrc\")"
              },
              "scope": "G",
              "type": "script"
            }
          }
        },
        "meta": {
          "name": "CmdSrcNavButton"
        },
        "position": {
          "height": 45,
          "width": 145
        },
        "props": {
          "style": {
            "classes": "PAX/Buttons/btn-background-transparent"
          },
          "text": "",
          "textStyle": {
            "classes": "PAX/Buttons/btn-background"
          }
        },
        "type": "ia.input.button"
      }
    ],
    "meta": {
      "name": "root"
    },
    "props": {
      "style": {
        "classes": "PAX/Buttons/btn-background"
      }
    },
    "type": "ia.container.coord"
  }
}