{
  "custom": {},
  "params": {
    "path": "[default]",
    "tag": "AGT_001"
  },
  "propConfig": {
    "params.path": {
      "paramDirection": "input",
      "persistent": true
    },
    "params.tag": {
      "paramDirection": "input",
      "persistent": true
    }
  },
  "props": {
    "defaultSize": {
      "height": 335,
      "width": 395
    }
  },
  "root": {
    "children": [
      {
        "children": [
          {
            "children": [
              {
                "meta": {
                  "name": "Label"
                },
                "position": {
                  "height": 0.2441,
                  "width": 0.3969,
                  "x": 0.1069,
                  "y": 0.2742
                },
                "props": {
                  "text": "Under Construction"
                },
                "type": "ia.display.label"
              }
            ],
            "meta": {
              "name": "TabContainer_0"
            },
            "props": {
              "mode": "percent"
            },
            "type": "ia.container.coord"
          },
          {
            "meta": {
              "name": "TabContainer_1"
            },
            "position": {
              "tabIndex": 1
            },
            "type": "ia.container.coord"
          }
        ],
        "meta": {
          "name": "TabContainer"
        },
        "position": {
          "height": 335,
          "width": 395
        },
        "props": {
          "contentStyle": {
            "classes": "PAX/PaxPopupWindow"
          },
          "tabSize": {
            "height": 35,
            "width": 35
          },
          "tabStyle": {
            "active": {
              "classes": "PAX/FaceplateActiveTab"
            }
          },
          "tabs": [
            {
              "viewPath": "PAX/GlobalObjects/(RA-BAS) Common Faceplate Objects/GO_TabButtonHome"
            },
            {
              "viewPath": "PAX/GlobalObjects/(RA-BAS) Common Faceplate Objects/GO_TabButtonMaintenance"
            }
          ]
        },
        "type": "ia.container.tab"
      }
    ],
    "meta": {
      "name": "root"
    },
    "position": {
      "x": 0,
      "y": 0
    },
    "props": {
      "style": {
        "classes": "PAX/PaxPopupWindow"
      }
    },
    "type": "ia.container.coord"
  }
}